category,subject,body,label
Password Reset,Reminder: Security Reset,"As part of a routine security review regarding security reset, please complete the requested verification. This message relates to your password reset services. Please follow the provided verification steps.",1
Microsoft 365,Urgent: License Renewal,We detected license renewal. Please verify your account within 24 hours to avoid service interruption. This message relates to your microsoft 365 services. Please follow the provided verification steps.,1
Amazon,Attention: Security Review,We require confirmation following security review. Delayed action may result in temporary account restrictions. This message relates to your amazon services. Please follow the provided verification steps.,1
Invoice/Payment,Notice: Finance Review,We detected finance review. Please verify your account within 24 hours to avoid service interruption. This message relates to your invoice/payment services. Please follow the provided verification steps.,1
PayPal,Final Reminder: Security Check,Our monitoring systems identified security check. Confirm your identity to protect your account. This message relates to your paypal services. Please follow the provided verification steps.,1
Amazon,Security Alert: Delivery Delay,We require confirmation following delivery delay. Delayed action may result in temporary account restrictions. This message relates to your amazon services. Please follow the provided verification steps.,1
Microsoft 365,Reminder: License Renewal,We require confirmation following license renewal. Delayed action may result in temporary account restrictions. This message relates to your microsoft 365 services. Please follow the provided verification steps.,1
Password Reset,Final Reminder: Verification Code,Our monitoring systems identified verification code. Confirm your identity to protect your account. This message relates to your password reset services. Please follow the provided verification steps.,1
PayPal,Reminder: Account Limitation,"As part of a routine security review regarding account limitation, please complete the requested verification. This message relates to your paypal services. Please follow the provided verification steps.",1
Parcel Delivery,Notice: Reschedule Delivery,Our monitoring systems identified reschedule delivery. Confirm your identity to protect your account. This message relates to your parcel delivery services. Please follow the provided verification steps.,1
Password Reset,Immediate: Password Expiry,We require confirmation following password expiry. Delayed action may result in temporary account restrictions. This message relates to your password reset services. Please follow the provided verification steps.,1
Banking,Security Alert: Account Locked,Your account has been flagged due to account locked. Review your information promptly. This message relates to your banking services. Please follow the provided verification steps.,1
HMRC/Tax,Action Required: Compliance Review,We require confirmation following compliance review. Delayed action may result in temporary account restrictions. This message relates to your hmrc/tax services. Please follow the provided verification steps.,1
PayPal,Security Alert: Security Check,"As part of a routine security review regarding security check, please complete the requested verification. This message relates to your paypal services. Please follow the provided verification steps.",1
University,Critical: Exam Notice,Our monitoring systems identified exam notice. Confirm your identity to protect your account. This message relates to your university services. Please follow the provided verification steps.,1
Amazon,Critical: Purchase Alert,Our monitoring systems identified purchase alert. Confirm your identity to protect your account. This message relates to your amazon services. Please follow the provided verification steps.,1
University,Final Reminder: Password Reset,Our monitoring systems identified password reset. Confirm your identity to protect your account. This message relates to your university services. Please follow the provided verification steps.,1
Parcel Delivery,Immediate: Courier Notice,"As part of a routine security review regarding courier notice, please complete the requested verification. This message relates to your parcel delivery services. Please follow the provided verification steps.",1
Amazon,Security Alert: Delivery Delay,Our monitoring systems identified delivery delay. Confirm your identity to protect your account. This message relates to your amazon services. Please follow the provided verification steps.,1
Technical Support,Immediate: Device Health,Our monitoring systems identified device health. Confirm your identity to protect your account. This message relates to your technical support services. Please follow the provided verification steps.,1
PayPal,Attention: Billing Verification,We detected billing verification. Please verify your account within 24 hours to avoid service interruption. This message relates to your paypal services. Please follow the provided verification steps.,1
HMRC/Tax,Urgent: Tax Calculation,Your account has been flagged due to tax calculation. Review your information promptly. This message relates to your hmrc/tax services. Please follow the provided verification steps.,1
Technical Support,Action Required: Security Scan,Your account has been flagged due to security scan. Review your information promptly. This message relates to your technical support services. Please follow the provided verification steps.,1
University,Urgent: Account Suspension,Your account has been flagged due to account suspension. Review your information promptly. This message relates to your university services. Please follow the provided verification steps.,1
Invoice/Payment,Critical: Invoice Correction,We detected invoice correction. Please verify your account within 24 hours to avoid service interruption. This message relates to your invoice/payment services. Please follow the provided verification steps.,1
Invoice/Payment,Security Alert: Wire Transfer,We detected wire transfer. Please verify your account within 24 hours to avoid service interruption. This message relates to your invoice/payment services. Please follow the provided verification steps.,1
Parcel Delivery,Important: Customs Fee,"As part of a routine security review regarding customs fee, please complete the requested verification. This message relates to your parcel delivery services. Please follow the provided verification steps.",1
Invoice/Payment,Action Required: Supplier Update,Our monitoring systems identified supplier update. Confirm your identity to protect your account. This message relates to your invoice/payment services. Please follow the provided verification steps.,1
Invoice/Payment,Critical: Payment Confirmation,We require confirmation following payment confirmation. Delayed action may result in temporary account restrictions. This message relates to your invoice/payment services. Please follow the provided verification steps.,1
University,Action Required: Tuition Notice,We require confirmation following tuition notice. Delayed action may result in temporary account restrictions. This message relates to your university services. Please follow the provided verification steps.,1
Password Reset,Attention: Verification Code,Our monitoring systems identified verification code. Confirm your identity to protect your account. This message relates to your password reset services. Please follow the provided verification steps.,1
Amazon,Important: Prime Renewal,Your account has been flagged due to prime renewal. Review your information promptly. This message relates to your amazon services. Please follow the provided verification steps.,1
Amazon,Final Reminder: Gift Card,We detected gift card. Please verify your account within 24 hours to avoid service interruption. This message relates to your amazon services. Please follow the provided verification steps.,1
HMRC/Tax,Reminder: Compliance Review,"As part of a routine security review regarding compliance review, please complete the requested verification. This message relates to your hmrc/tax services. Please follow the provided verification steps.",1
HMRC/Tax,Critical: Payment Reminder,We detected payment reminder. Please verify your account within 24 hours to avoid service interruption. This message relates to your hmrc/tax services. Please follow the provided verification steps.,1
Microsoft 365,Important: Mfa Verification,"As part of a routine security review regarding MFA verification, please complete the requested verification. This message relates to your microsoft 365 services. Please follow the provided verification steps.",1
HMRC/Tax,Urgent: Rebate Notice,Your account has been flagged due to rebate notice. Review your information promptly. This message relates to your hmrc/tax services. Please follow the provided verification steps.,1
Technical Support,Attention: Helpdesk Ticket,Your account has been flagged due to helpdesk ticket. Review your information promptly. This message relates to your technical support services. Please follow the provided verification steps.,1
PayPal,Important: Security Check,"As part of a routine security review regarding security check, please complete the requested verification. This message relates to your paypal services. Please follow the provided verification steps.",1
Parcel Delivery,Final Reminder: Parcel Release,We require confirmation following parcel release. Delayed action may result in temporary account restrictions. This message relates to your parcel delivery services. Please follow the provided verification steps.,1
Password Reset,Notice: Password Policy,Our monitoring systems identified password policy. Confirm your identity to protect your account. This message relates to your password reset services. Please follow the provided verification steps.,1
Password Reset,Notice: Reset Required,We detected reset required. Please verify your account within 24 hours to avoid service interruption. This message relates to your password reset services. Please follow the provided verification steps.,1
HMRC/Tax,Final Reminder: Secure Message,We detected secure message. Please verify your account within 24 hours to avoid service interruption. This message relates to your hmrc/tax services. Please follow the provided verification steps.,1
Password Reset,Security Alert: Verification Code,Our monitoring systems identified verification code. Confirm your identity to protect your account. This message relates to your password reset services. Please follow the provided verification steps.,1
Invoice/Payment,Important: Supplier Update,We require confirmation following supplier update. Delayed action may result in temporary account restrictions. This message relates to your invoice/payment services. Please follow the provided verification steps.,1
Banking,Important: Account Locked,"As part of a routine security review regarding account locked, please complete the requested verification. This message relates to your banking services. Please follow the provided verification steps.",1
Invoice/Payment,Urgent: Overdue Invoice,"As part of a routine security review regarding overdue invoice, please complete the requested verification. This message relates to your invoice/payment services. Please follow the provided verification steps.",1
Password Reset,Security Alert: Account Recovery,"As part of a routine security review regarding account recovery, please complete the requested verification. This message relates to your password reset services. Please follow the provided verification steps.",1
Invoice/Payment,Reminder: Supplier Update,Your account has been flagged due to supplier update. Review your information promptly. This message relates to your invoice/payment services. Please follow the provided verification steps.,1
Parcel Delivery,Critical: Tracking Update,Our monitoring systems identified tracking update. Confirm your identity to protect your account. This message relates to your parcel delivery services. Please follow the provided verification steps.,1
Amazon,Security Alert: Security Review,Your account has been flagged due to security review. Review your information promptly. This message relates to your amazon services. Please follow the provided verification steps.,1
Microsoft 365,Immediate: Storage Limit,We detected storage limit. Please verify your account within 24 hours to avoid service interruption. This message relates to your microsoft 365 services. Please follow the provided verification steps.,1
Invoice/Payment,Security Alert: Payment Confirmation,Your account has been flagged due to payment confirmation. Review your information promptly. This message relates to your invoice/payment services. Please follow the provided verification steps.,1
Banking,Attention: Fraud Alert,Your account has been flagged due to fraud alert. Review your information promptly. This message relates to your banking services. Please follow the provided verification steps.,1
HMRC/Tax,Immediate: Rebate Notice,We require confirmation following rebate notice. Delayed action may result in temporary account restrictions. This message relates to your hmrc/tax services. Please follow the provided verification steps.,1
Technical Support,Final Reminder: Software License,We detected software license. Please verify your account within 24 hours to avoid service interruption. This message relates to your technical support services. Please follow the provided verification steps.,1
PayPal,Final Reminder: Security Check,We detected security check. Please verify your account within 24 hours to avoid service interruption. This message relates to your paypal services. Please follow the provided verification steps.,1
Microsoft 365,Notice: Storage Limit,"As part of a routine security review regarding storage limit, please complete the requested verification. This message relates to your microsoft 365 services. Please follow the provided verification steps.",1
Microsoft 365,Immediate: Account Validation,We require confirmation following account validation. Delayed action may result in temporary account restrictions. This message relates to your microsoft 365 services. Please follow the provided verification steps.,1
Parcel Delivery,Attention: Delivery Failed,We detected delivery failed. Please verify your account within 24 hours to avoid service interruption. This message relates to your parcel delivery services. Please follow the provided verification steps.,1
PayPal,Important: Payment On Hold,We detected payment on hold. Please verify your account within 24 hours to avoid service interruption. This message relates to your paypal services. Please follow the provided verification steps.,1
Banking,Attention: Identity Verification,We require confirmation following identity verification. Delayed action may result in temporary account restrictions. This message relates to your banking services. Please follow the provided verification steps.,1
Amazon,Attention: Order Issue,"As part of a routine security review regarding order issue, please complete the requested verification. This message relates to your amazon services. Please follow the provided verification steps.",1
Technical Support,Final Reminder: Remote Assistance,"As part of a routine security review regarding remote assistance, please complete the requested verification. This message relates to your technical support services. Please follow the provided verification steps.",1
Banking,Attention: Account Review,"As part of a routine security review regarding account review, please complete the requested verification. This message relates to your banking services. Please follow the provided verification steps.",1
Parcel Delivery,Security Alert: Delivery Failed,We detected delivery failed. Please verify your account within 24 hours to avoid service interruption. This message relates to your parcel delivery services. Please follow the provided verification steps.,1
Parcel Delivery,Final Reminder: Customs Fee,We require confirmation following customs fee. Delayed action may result in temporary account restrictions. This message relates to your parcel delivery services. Please follow the provided verification steps.,1
HMRC/Tax,Critical: Payment Reminder,Our monitoring systems identified payment reminder. Confirm your identity to protect your account. This message relates to your hmrc/tax services. Please follow the provided verification steps.,1
Password Reset,Critical: Security Reset,"As part of a routine security review regarding security reset, please complete the requested verification. This message relates to your password reset services. Please follow the provided verification steps.",1
HMRC/Tax,Important: Rebate Notice,We require confirmation following rebate notice. Delayed action may result in temporary account restrictions. This message relates to your hmrc/tax services. Please follow the provided verification steps.,1
Technical Support,Notice: Critical Patch,"As part of a routine security review regarding critical patch, please complete the requested verification. This message relates to your technical support services. Please follow the provided verification steps.",1
PayPal,Critical: Security Check,We detected security check. Please verify your account within 24 hours to avoid service interruption. This message relates to your paypal services. Please follow the provided verification steps.,1
Amazon,Security Alert: Gift Card,We require confirmation following gift card. Delayed action may result in temporary account restrictions. This message relates to your amazon services. Please follow the provided verification steps.,1
Parcel Delivery,Action Required: Customs Fee,Our monitoring systems identified customs fee. Confirm your identity to protect your account. This message relates to your parcel delivery services. Please follow the provided verification steps.,1
Amazon,Action Required: Prime Renewal,We detected prime renewal. Please verify your account within 24 hours to avoid service interruption. This message relates to your amazon services. Please follow the provided verification steps.,1
Banking,Notice: Account Review,We require confirmation following account review. Delayed action may result in temporary account restrictions. This message relates to your banking services. Please follow the provided verification steps.,1
University,Immediate: Account Suspension,Your account has been flagged due to account suspension. Review your information promptly. This message relates to your university services. Please follow the provided verification steps.,1
Banking,Important: Security Update,Our monitoring systems identified security update. Confirm your identity to protect your account. This message relates to your banking services. Please follow the provided verification steps.,1
PayPal,Important: Billing Verification,Your account has been flagged due to billing verification. Review your information promptly. This message relates to your paypal services. Please follow the provided verification steps.,1
Parcel Delivery,Action Required: Signature Required,Our monitoring systems identified signature required. Confirm your identity to protect your account. This message relates to your parcel delivery services. Please follow the provided verification steps.,1
Microsoft 365,Reminder: Security Alert,We detected security alert. Please verify your account within 24 hours to avoid service interruption. This message relates to your microsoft 365 services. Please follow the provided verification steps.,1
Technical Support,Final Reminder: Critical Patch,We require confirmation following critical patch. Delayed action may result in temporary account restrictions. This message relates to your technical support services. Please follow the provided verification steps.,1
Parcel Delivery,Action Required: Tracking Update,"As part of a routine security review regarding tracking update, please complete the requested verification. This message relates to your parcel delivery services. Please follow the provided verification steps.",1
University,Reminder: Account Suspension,We detected account suspension. Please verify your account within 24 hours to avoid service interruption. This message relates to your university services. Please follow the provided verification steps.,1
PayPal,Urgent: Transaction Review,Our monitoring systems identified transaction review. Confirm your identity to protect your account. This message relates to your paypal services. Please follow the provided verification steps.,1
University,Urgent: Account Suspension,We require confirmation following account suspension. Delayed action may result in temporary account restrictions. This message relates to your university services. Please follow the provided verification steps.,1
Technical Support,Immediate: Support Verification,We detected support verification. Please verify your account within 24 hours to avoid service interruption. This message relates to your technical support services. Please follow the provided verification steps.,1
PayPal,Reminder: Login Alert,We detected login alert. Please verify your account within 24 hours to avoid service interruption. This message relates to your paypal services. Please follow the provided verification steps.,1
HMRC/Tax,Final Reminder: Tax Account,Our monitoring systems identified tax account. Confirm your identity to protect your account. This message relates to your hmrc/tax services. Please follow the provided verification steps.,1
Microsoft 365,Security Alert: License Renewal,We detected license renewal. Please verify your account within 24 hours to avoid service interruption. This message relates to your microsoft 365 services. Please follow the provided verification steps.,1
Technical Support,Immediate: System Update,Your account has been flagged due to system update. Review your information promptly. This message relates to your technical support services. Please follow the provided verification steps.,1
Password Reset,Notice: Reset Required,We require confirmation following reset required. Delayed action may result in temporary account restrictions. This message relates to your password reset services. Please follow the provided verification steps.,1
PayPal,Urgent: Transaction Review,We detected transaction review. Please verify your account within 24 hours to avoid service interruption. This message relates to your paypal services. Please follow the provided verification steps.,1
Technical Support,Important: Helpdesk Ticket,"As part of a routine security review regarding helpdesk ticket, please complete the requested verification. This message relates to your technical support services. Please follow the provided verification steps.",1
Invoice/Payment,Security Alert: Purchase Order,We detected purchase order. Please verify your account within 24 hours to avoid service interruption. This message relates to your invoice/payment services. Please follow the provided verification steps.,1
Amazon,Attention: Security Review,Your account has been flagged due to security review. Review your information promptly. This message relates to your amazon services. Please follow the provided verification steps.,1
Invoice/Payment,Action Required: Purchase Order,"As part of a routine security review regarding purchase order, please complete the requested verification. This message relates to your invoice/payment services. Please follow the provided verification steps.",1
Technical Support,Important: Service Interruption,"As part of a routine security review regarding service interruption, please complete the requested verification. This message relates to your technical support services. Please follow the provided verification steps.",1
Password Reset,Security Alert: Account Recovery,Our monitoring systems identified account recovery. Confirm your identity to protect your account. This message relates to your password reset services. Please follow the provided verification steps.,1
Password Reset,Important: Password Policy,Our monitoring systems identified password policy. Confirm your identity to protect your account. This message relates to your password reset services. Please follow the provided verification steps.,1
Invoice/Payment,Immediate: Wire Transfer,Our monitoring systems identified wire transfer. Confirm your identity to protect your account. This message relates to your invoice/payment services. Please follow the provided verification steps.,1
PayPal,Security Alert: Security Check,Your account has been flagged due to security check. Review your information promptly. This message relates to your paypal services. Please follow the provided verification steps.,1
Banking,Action Required: Fraud Alert,"As part of a routine security review regarding fraud alert, please complete the requested verification. This message relates to your banking services. Please follow the provided verification steps.",1
Invoice/Payment,Attention: Invoice Correction,Your account has been flagged due to invoice correction. Review your information promptly. This message relates to your invoice/payment services. Please follow the provided verification steps.,1
Parcel Delivery,Urgent: Address Confirmation,Our monitoring systems identified address confirmation. Confirm your identity to protect your account. This message relates to your parcel delivery services. Please follow the provided verification steps.,1
University,Important: Password Reset,"As part of a routine security review regarding password reset, please complete the requested verification. This message relates to your university services. Please follow the provided verification steps.",1
University,Final Reminder: Exam Notice,We require confirmation following exam notice. Delayed action may result in temporary account restrictions. This message relates to your university services. Please follow the provided verification steps.,1
PayPal,Final Reminder: Wallet Update,"As part of a routine security review regarding wallet update, please complete the requested verification. This message relates to your paypal services. Please follow the provided verification steps.",1
Password Reset,Attention: Password Policy,Our monitoring systems identified password policy. Confirm your identity to protect your account. This message relates to your password reset services. Please follow the provided verification steps.,1
University,Notice: Tuition Notice,Our monitoring systems identified tuition notice. Confirm your identity to protect your account. This message relates to your university services. Please follow the provided verification steps.,1
Parcel Delivery,Action Required: Parcel Release,We detected parcel release. Please verify your account within 24 hours to avoid service interruption. This message relates to your parcel delivery services. Please follow the provided verification steps.,1
Amazon,Notice: Security Review,We require confirmation following security review. Delayed action may result in temporary account restrictions. This message relates to your amazon services. Please follow the provided verification steps.,1
HMRC/Tax,Notice: Tax Refund,"As part of a routine security review regarding tax refund, please complete the requested verification. This message relates to your hmrc/tax services. Please follow the provided verification steps.",1
University,Security Alert: Password Reset,We require confirmation following password reset. Delayed action may result in temporary account restrictions. This message relates to your university services. Please follow the provided verification steps.,1
HMRC/Tax,Notice: Payment Reminder,We require confirmation following payment reminder. Delayed action may result in temporary account restrictions. This message relates to your hmrc/tax services. Please follow the provided verification steps.,1
University,Attention: Course Registration,We require confirmation following course registration. Delayed action may result in temporary account restrictions. This message relates to your university services. Please follow the provided verification steps.,1
Password Reset,Attention: Account Recovery,"As part of a routine security review regarding account recovery, please complete the requested verification. This message relates to your password reset services. Please follow the provided verification steps.",1
Parcel Delivery,Important: Customs Fee,Our monitoring systems identified customs fee. Confirm your identity to protect your account. This message relates to your parcel delivery services. Please follow the provided verification steps.,1
Password Reset,Notice: Login Problem,We detected login problem. Please verify your account within 24 hours to avoid service interruption. This message relates to your password reset services. Please follow the provided verification steps.,1
Password Reset,Notice: Password Policy,Your account has been flagged due to password policy. Review your information promptly. This message relates to your password reset services. Please follow the provided verification steps.,1
Password Reset,Urgent: Login Problem,We require confirmation following login problem. Delayed action may result in temporary account restrictions. This message relates to your password reset services. Please follow the provided verification steps.,1
Microsoft 365,Reminder: Storage Limit,"As part of a routine security review regarding storage limit, please complete the requested verification. This message relates to your microsoft 365 services. Please follow the provided verification steps.",1
University,Notice: Password Reset,Your account has been flagged due to password reset. Review your information promptly. This message relates to your university services. Please follow the provided verification steps.,1
University,Attention: Student Portal,Your account has been flagged due to student portal. Review your information promptly. This message relates to your university services. Please follow the provided verification steps.,1
Invoice/Payment,Urgent: Payment Failure,Your account has been flagged due to payment failure. Review your information promptly. This message relates to your invoice/payment services. Please follow the provided verification steps.,1
Password Reset,Important: Authentication Issue,Your account has been flagged due to authentication issue. Review your information promptly. This message relates to your password reset services. Please follow the provided verification steps.,1
University,Reminder: Exam Notice,Our monitoring systems identified exam notice. Confirm your identity to protect your account. This message relates to your university services. Please follow the provided verification steps.,1
Amazon,Urgent: Payment Declined,We require confirmation following payment declined. Delayed action may result in temporary account restrictions. This message relates to your amazon services. Please follow the provided verification steps.,1
Password Reset,Final Reminder: Security Confirmation,Our monitoring systems identified security confirmation. Confirm your identity to protect your account. This message relates to your password reset services. Please follow the provided verification steps.,1
Invoice/Payment,Reminder: Billing Issue,We require confirmation following billing issue. Delayed action may result in temporary account restrictions. This message relates to your invoice/payment services. Please follow the provided verification steps.,1
Amazon,Important: Gift Card,Your account has been flagged due to gift card. Review your information promptly. This message relates to your amazon services. Please follow the provided verification steps.,1
HMRC/Tax,Urgent: Refund Processing,Our monitoring systems identified refund processing. Confirm your identity to protect your account. This message relates to your hmrc/tax services. Please follow the provided verification steps.,1
HMRC/Tax,Notice: Tax Account,"As part of a routine security review regarding tax account, please complete the requested verification. This message relates to your hmrc/tax services. Please follow the provided verification steps.",1
Technical Support,Final Reminder: System Update,Our monitoring systems identified system update. Confirm your identity to protect your account. This message relates to your technical support services. Please follow the provided verification steps.,1
HMRC/Tax,Immediate: Compliance Review,We detected compliance review. Please verify your account within 24 hours to avoid service interruption. This message relates to your hmrc/tax services. Please follow the provided verification steps.,1
Technical Support,Final Reminder: Service Interruption,Our monitoring systems identified service interruption. Confirm your identity to protect your account. This message relates to your technical support services. Please follow the provided verification steps.,1
Banking,Important: Account Locked,Your account has been flagged due to account locked. Review your information promptly. This message relates to your banking services. Please follow the provided verification steps.,1
Password Reset,Security Alert: Security Reset,We require confirmation following security reset. Delayed action may result in temporary account restrictions. This message relates to your password reset services. Please follow the provided verification steps.,1
Technical Support,Immediate: Virus Detected,We detected virus detected. Please verify your account within 24 hours to avoid service interruption. This message relates to your technical support services. Please follow the provided verification steps.,1
Microsoft 365,Immediate: Password Expiry,We require confirmation following password expiry. Delayed action may result in temporary account restrictions. This message relates to your microsoft 365 services. Please follow the provided verification steps.,1
Banking,Urgent: Card Restricted,Your account has been flagged due to card restricted. Review your information promptly. This message relates to your banking services. Please follow the provided verification steps.,1
University,Notice: Email Quota,We detected email quota. Please verify your account within 24 hours to avoid service interruption. This message relates to your university services. Please follow the provided verification steps.,1
Microsoft 365,Critical: Mailbox Suspension,We detected mailbox suspension. Please verify your account within 24 hours to avoid service interruption. This message relates to your microsoft 365 services. Please follow the provided verification steps.,1
University,Reminder: Library Account,We require confirmation following library account. Delayed action may result in temporary account restrictions. This message relates to your university services. Please follow the provided verification steps.,1
Invoice/Payment,Attention: Finance Review,We require confirmation following finance review. Delayed action may result in temporary account restrictions. This message relates to your invoice/payment services. Please follow the provided verification steps.,1
Banking,Notice: New Device Login,"As part of a routine security review regarding new device login, please complete the requested verification. This message relates to your banking services. Please follow the provided verification steps.",1
Invoice/Payment,Reminder: Payment Failure,"As part of a routine security review regarding payment failure, please complete the requested verification. This message relates to your invoice/payment services. Please follow the provided verification steps.",1
HMRC/Tax,Security Alert: Compliance Review,We detected compliance review. Please verify your account within 24 hours to avoid service interruption. This message relates to your hmrc/tax services. Please follow the provided verification steps.,1
Microsoft 365,Immediate: Account Validation,"As part of a routine security review regarding account validation, please complete the requested verification. This message relates to your microsoft 365 services. Please follow the provided verification steps.",1
Parcel Delivery,Immediate: Courier Notice,Our monitoring systems identified courier notice. Confirm your identity to protect your account. This message relates to your parcel delivery services. Please follow the provided verification steps.,1
Amazon,Security Alert: Security Review,Your account has been flagged due to security review. Review your information promptly. This message relates to your amazon services. Please follow the provided verification steps.,1
University,Security Alert: Course Registration,"As part of a routine security review regarding course registration, please complete the requested verification. This message relates to your university services. Please follow the provided verification steps.",1
Banking,Attention: Security Verification,We detected security verification. Please verify your account within 24 hours to avoid service interruption. This message relates to your banking services. Please follow the provided verification steps.,1
Banking,Immediate: Account Review,"As part of a routine security review regarding account review, please complete the requested verification. This message relates to your banking services. Please follow the provided verification steps.",1
HMRC/Tax,Action Required: Tax Calculation,We require confirmation following tax calculation. Delayed action may result in temporary account restrictions. This message relates to your hmrc/tax services. Please follow the provided verification steps.,1
Microsoft 365,Action Required: Storage Limit,We detected storage limit. Please verify your account within 24 hours to avoid service interruption. This message relates to your microsoft 365 services. Please follow the provided verification steps.,1
Technical Support,Notice: Remote Assistance,We require confirmation following remote assistance. Delayed action may result in temporary account restrictions. This message relates to your technical support services. Please follow the provided verification steps.,1
HMRC/Tax,Important: Compliance Review,Our monitoring systems identified compliance review. Confirm your identity to protect your account. This message relates to your hmrc/tax services. Please follow the provided verification steps.,1
Amazon,Immediate: Security Review,We require confirmation following security review. Delayed action may result in temporary account restrictions. This message relates to your amazon services. Please follow the provided verification steps.,1
HMRC/Tax,Urgent: Rebate Notice,"As part of a routine security review regarding rebate notice, please complete the requested verification. This message relates to your hmrc/tax services. Please follow the provided verification steps.",1
Password Reset,Reminder: Verification Code,We detected verification code. Please verify your account within 24 hours to avoid service interruption. This message relates to your password reset services. Please follow the provided verification steps.,1
University,Action Required: Student Portal,Our monitoring systems identified student portal. Confirm your identity to protect your account. This message relates to your university services. Please follow the provided verification steps.,1
Invoice/Payment,Important: Finance Review,Your account has been flagged due to finance review. Review your information promptly. This message relates to your invoice/payment services. Please follow the provided verification steps.,1
Microsoft 365,Immediate: Mfa Verification,We detected MFA verification. Please verify your account within 24 hours to avoid service interruption. This message relates to your microsoft 365 services. Please follow the provided verification steps.,1
Banking,Critical: Fraud Alert,We detected fraud alert. Please verify your account within 24 hours to avoid service interruption. This message relates to your banking services. Please follow the provided verification steps.,1
Technical Support,Urgent: Virus Detected,Your account has been flagged due to virus detected. Review your information promptly. This message relates to your technical support services. Please follow the provided verification steps.,1
HMRC/Tax,Reminder: Tax Refund,Your account has been flagged due to tax refund. Review your information promptly. This message relates to your hmrc/tax services. Please follow the provided verification steps.,1
Banking,Action Required: Identity Verification,We require confirmation following identity verification. Delayed action may result in temporary account restrictions. This message relates to your banking services. Please follow the provided verification steps.,1
Microsoft 365,Security Alert: Mailbox Suspension,We require confirmation following mailbox suspension. Delayed action may result in temporary account restrictions. This message relates to your microsoft 365 services. Please follow the provided verification steps.,1
Microsoft 365,Immediate: Security Alert,Our monitoring systems identified security alert. Confirm your identity to protect your account. This message relates to your microsoft 365 services. Please follow the provided verification steps.,1
HMRC/Tax,Immediate: Document Request,"As part of a routine security review regarding document request, please complete the requested verification. This message relates to your hmrc/tax services. Please follow the provided verification steps.",1
Parcel Delivery,Immediate: Customs Fee,We require confirmation following customs fee. Delayed action may result in temporary account restrictions. This message relates to your parcel delivery services. Please follow the provided verification steps.,1
Microsoft 365,Immediate: Account Validation,"As part of a routine security review regarding account validation, please complete the requested verification. This message relates to your microsoft 365 services. Please follow the provided verification steps.",1
Amazon,Attention: Prime Renewal,Our monitoring systems identified prime renewal. Confirm your identity to protect your account. This message relates to your amazon services. Please follow the provided verification steps.,1
Parcel Delivery,Action Required: Address Confirmation,Our monitoring systems identified address confirmation. Confirm your identity to protect your account. This message relates to your parcel delivery services. Please follow the provided verification steps.,1
Amazon,Important: Purchase Alert,We require confirmation following purchase alert. Delayed action may result in temporary account restrictions. This message relates to your amazon services. Please follow the provided verification steps.,1
Banking,Attention: Card Restricted,We require confirmation following card restricted. Delayed action may result in temporary account restrictions. This message relates to your banking services. Please follow the provided verification steps.,1
HMRC/Tax,Urgent: Tax Refund,We detected tax refund. Please verify your account within 24 hours to avoid service interruption. This message relates to your hmrc/tax services. Please follow the provided verification steps.,1
University,Important: Password Reset,We require confirmation following password reset. Delayed action may result in temporary account restrictions. This message relates to your university services. Please follow the provided verification steps.,1
Password Reset,Critical: Authentication Issue,We require confirmation following authentication issue. Delayed action may result in temporary account restrictions. This message relates to your password reset services. Please follow the provided verification steps.,1
Password Reset,Security Alert: Account Recovery,We detected account recovery. Please verify your account within 24 hours to avoid service interruption. This message relates to your password reset services. Please follow the provided verification steps.,1
Microsoft 365,Urgent: Security Alert,Your account has been flagged due to security alert. Review your information promptly. This message relates to your microsoft 365 services. Please follow the provided verification steps.,1
Invoice/Payment,Final Reminder: Payment Failure,Your account has been flagged due to payment failure. Review your information promptly. This message relates to your invoice/payment services. Please follow the provided verification steps.,1
Parcel Delivery,Critical: Shipping Delay,"As part of a routine security review regarding shipping delay, please complete the requested verification. This message relates to your parcel delivery services. Please follow the provided verification steps.",1
Microsoft 365,Attention: New Device,We require confirmation following new device. Delayed action may result in temporary account restrictions. This message relates to your microsoft 365 services. Please follow the provided verification steps.,1
Microsoft 365,Critical: Admin Notice,We require confirmation following admin notice. Delayed action may result in temporary account restrictions. This message relates to your microsoft 365 services. Please follow the provided verification steps.,1
Parcel Delivery,Urgent: Package Held,"As part of a routine security review regarding package held, please complete the requested verification. This message relates to your parcel delivery services. Please follow the provided verification steps.",1
Microsoft 365,Action Required: Account Validation,We require confirmation following account validation. Delayed action may result in temporary account restrictions. This message relates to your microsoft 365 services. Please follow the provided verification steps.,1
Amazon,Reminder: Gift Card,"As part of a routine security review regarding gift card, please complete the requested verification. This message relates to your amazon services. Please follow the provided verification steps.",1
PayPal,Final Reminder: Refund Notice,We detected refund notice. Please verify your account within 24 hours to avoid service interruption. This message relates to your paypal services. Please follow the provided verification steps.,1
University,Urgent: Email Quota,Our monitoring systems identified email quota. Confirm your identity to protect your account. This message relates to your university services. Please follow the provided verification steps.,1
PayPal,Security Alert: Buyer Protection,We detected buyer protection. Please verify your account within 24 hours to avoid service interruption. This message relates to your paypal services. Please follow the provided verification steps.,1
Technical Support,Critical: System Update,"As part of a routine security review regarding system update, please complete the requested verification. This message relates to your technical support services. Please follow the provided verification steps.",1
Amazon,Notice: Return Confirmation,"As part of a routine security review regarding return confirmation, please complete the requested verification. This message relates to your amazon services. Please follow the provided verification steps.",1
PayPal,Action Required: Billing Verification,We detected billing verification. Please verify your account within 24 hours to avoid service interruption. This message relates to your paypal services. Please follow the provided verification steps.,1
Parcel Delivery,Attention: Signature Required,"As part of a routine security review regarding signature required, please complete the requested verification. This message relates to your parcel delivery services. Please follow the provided verification steps.",1
HMRC/Tax,Action Required: Compliance Review,"As part of a routine security review regarding compliance review, please complete the requested verification. This message relates to your hmrc/tax services. Please follow the provided verification steps.",1
University,Critical: Password Reset,"As part of a routine security review regarding password reset, please complete the requested verification. This message relates to your university services. Please follow the provided verification steps.",1
PayPal,Attention: Transaction Review,We detected transaction review. Please verify your account within 24 hours to avoid service interruption. This message relates to your paypal services. Please follow the provided verification steps.,1
Parcel Delivery,Attention: Address Confirmation,Our monitoring systems identified address confirmation. Confirm your identity to protect your account. This message relates to your parcel delivery services. Please follow the provided verification steps.,1
University,Notice: Password Reset,We require confirmation following password reset. Delayed action may result in temporary account restrictions. This message relates to your university services. Please follow the provided verification steps.,1
Parcel Delivery,Reminder: Parcel Release,"As part of a routine security review regarding parcel release, please complete the requested verification. This message relates to your parcel delivery services. Please follow the provided verification steps.",1
Parcel Delivery,Attention: Package Held,"As part of a routine security review regarding package held, please complete the requested verification. This message relates to your parcel delivery services. Please follow the provided verification steps.",1
University,Important: Course Registration,We require confirmation following course registration. Delayed action may result in temporary account restrictions. This message relates to your university services. Please follow the provided verification steps.,1
PayPal,Final Reminder: Transaction Review,We require confirmation following transaction review. Delayed action may result in temporary account restrictions. This message relates to your paypal services. Please follow the provided verification steps.,1
Invoice/Payment,Immediate: Supplier Update,Your account has been flagged due to supplier update. Review your information promptly. This message relates to your invoice/payment services. Please follow the provided verification steps.,1
Parcel Delivery,Critical: Reschedule Delivery,We detected reschedule delivery. Please verify your account within 24 hours to avoid service interruption. This message relates to your parcel delivery services. Please follow the provided verification steps.,1
Banking,Reminder: Unusual Login,We detected unusual login. Please verify your account within 24 hours to avoid service interruption. This message relates to your banking services. Please follow the provided verification steps.,1
Amazon,Urgent: Security Review,Your account has been flagged due to security review. Review your information promptly. This message relates to your amazon services. Please follow the provided verification steps.,1
Microsoft 365,Urgent: Account Validation,We detected account validation. Please verify your account within 24 hours to avoid service interruption. This message relates to your microsoft 365 services. Please follow the provided verification steps.,1
HMRC/Tax,Reminder: Tax Refund,We require confirmation following tax refund. Delayed action may result in temporary account restrictions. This message relates to your hmrc/tax services. Please follow the provided verification steps.,1
University,Final Reminder: Tuition Notice,We require confirmation following tuition notice. Delayed action may result in temporary account restrictions. This message relates to your university services. Please follow the provided verification steps.,1
Amazon,Attention: Account Verification,Our monitoring systems identified account verification. Confirm your identity to protect your account. This message relates to your amazon services. Please follow the provided verification steps.,1
Technical Support,Notice: Service Interruption,Our monitoring systems identified service interruption. Confirm your identity to protect your account. This message relates to your technical support services. Please follow the provided verification steps.,1
Invoice/Payment,Notice: Purchase Order,Our monitoring systems identified purchase order. Confirm your identity to protect your account. This message relates to your invoice/payment services. Please follow the provided verification steps.,1
Password Reset,Attention: Password Policy,We require confirmation following password policy. Delayed action may result in temporary account restrictions. This message relates to your password reset services. Please follow the provided verification steps.,1
HMRC/Tax,Security Alert: Tax Account,Your account has been flagged due to tax account. Review your information promptly. This message relates to your hmrc/tax services. Please follow the provided verification steps.,1
Microsoft 365,Action Required: Account Validation,Your account has been flagged due to account validation. Review your information promptly. This message relates to your microsoft 365 services. Please follow the provided verification steps.,1
Technical Support,Immediate: Service Interruption,We detected service interruption. Please verify your account within 24 hours to avoid service interruption. This message relates to your technical support services. Please follow the provided verification steps.,1
Microsoft 365,Security Alert: Mailbox Suspension,Our monitoring systems identified mailbox suspension. Confirm your identity to protect your account. This message relates to your microsoft 365 services. Please follow the provided verification steps.,1
Invoice/Payment,Important: Billing Issue,"As part of a routine security review regarding billing issue, please complete the requested verification. This message relates to your invoice/payment services. Please follow the provided verification steps.",1
Amazon,Notice: Prime Renewal,Your account has been flagged due to prime renewal. Review your information promptly. This message relates to your amazon services. Please follow the provided verification steps.,1
Amazon,Attention: Purchase Alert,We detected purchase alert. Please verify your account within 24 hours to avoid service interruption. This message relates to your amazon services. Please follow the provided verification steps.,1
Technical Support,Immediate: Support Verification,Our monitoring systems identified support verification. Confirm your identity to protect your account. This message relates to your technical support services. Please follow the provided verification steps.,1
Parcel Delivery,Important: Courier Notice,We require confirmation following courier notice. Delayed action may result in temporary account restrictions. This message relates to your parcel delivery services. Please follow the provided verification steps.,1
HMRC/Tax,Immediate: Tax Refund,Your account has been flagged due to tax refund. Review your information promptly. This message relates to your hmrc/tax services. Please follow the provided verification steps.,1
Technical Support,Important: Helpdesk Ticket,Our monitoring systems identified helpdesk ticket. Confirm your identity to protect your account. This message relates to your technical support services. Please follow the provided verification steps.,1
Amazon,Action Required: Purchase Alert,"As part of a routine security review regarding purchase alert, please complete the requested verification. This message relates to your amazon services. Please follow the provided verification steps.",1
Amazon,Reminder: Security Review,Our monitoring systems identified security review. Confirm your identity to protect your account. This message relates to your amazon services. Please follow the provided verification steps.,1
Amazon,Reminder: Seller Message,Your account has been flagged due to seller message. Review your information promptly. This message relates to your amazon services. Please follow the provided verification steps.,1
PayPal,Attention: Payment On Hold,We detected payment on hold. Please verify your account within 24 hours to avoid service interruption. This message relates to your paypal services. Please follow the provided verification steps.,1
Invoice/Payment,Notice: Overdue Invoice,Our monitoring systems identified overdue invoice. Confirm your identity to protect your account. This message relates to your invoice/payment services. Please follow the provided verification steps.,1
Amazon,Notice: Order Issue,We detected order issue. Please verify your account within 24 hours to avoid service interruption. This message relates to your amazon services. Please follow the provided verification steps.,1
PayPal,Urgent: Invoice Received,We detected invoice received. Please verify your account within 24 hours to avoid service interruption. This message relates to your paypal services. Please follow the provided verification steps.,1
PayPal,Security Alert: Account Limitation,Your account has been flagged due to account limitation. Review your information promptly. This message relates to your paypal services. Please follow the provided verification steps.,1
PayPal,Critical: Transaction Review,We require confirmation following transaction review. Delayed action may result in temporary account restrictions. This message relates to your paypal services. Please follow the provided verification steps.,1
Technical Support,Notice: Service Interruption,We require confirmation following service interruption. Delayed action may result in temporary account restrictions. This message relates to your technical support services. Please follow the provided verification steps.,1
Banking,Immediate: New Device Login,We detected new device login. Please verify your account within 24 hours to avoid service interruption. This message relates to your banking services. Please follow the provided verification steps.,1
Password Reset,Notice: Password Policy,Our monitoring systems identified password policy. Confirm your identity to protect your account. This message relates to your password reset services. Please follow the provided verification steps.,1
Banking,Attention: Unusual Login,"As part of a routine security review regarding unusual login, please complete the requested verification. This message relates to your banking services. Please follow the provided verification steps.",1
Invoice/Payment,Attention: Payment Failure,"As part of a routine security review regarding payment failure, please complete the requested verification. This message relates to your invoice/payment services. Please follow the provided verification steps.",1
Parcel Delivery,Notice: Courier Notice,Your account has been flagged due to courier notice. Review your information promptly. This message relates to your parcel delivery services. Please follow the provided verification steps.,1
Technical Support,Important: Service Interruption,We require confirmation following service interruption. Delayed action may result in temporary account restrictions. This message relates to your technical support services. Please follow the provided verification steps.,1
PayPal,Urgent: Billing Verification,Your account has been flagged due to billing verification. Review your information promptly. This message relates to your paypal services. Please follow the provided verification steps.,1
Banking,Critical: Identity Verification,We require confirmation following identity verification. Delayed action may result in temporary account restrictions. This message relates to your banking services. Please follow the provided verification steps.,1
University,Important: Email Quota,"As part of a routine security review regarding email quota, please complete the requested verification. This message relates to your university services. Please follow the provided verification steps.",1
Parcel Delivery,Security Alert: Signature Required,Your account has been flagged due to signature required. Review your information promptly. This message relates to your parcel delivery services. Please follow the provided verification steps.,1
University,Critical: Password Reset,"As part of a routine security review regarding password reset, please complete the requested verification. This message relates to your university services. Please follow the provided verification steps.",1
Amazon,Security Alert: Seller Message,We detected seller message. Please verify your account within 24 hours to avoid service interruption. This message relates to your amazon services. Please follow the provided verification steps.,1
Amazon,Security Alert: Prime Renewal,We detected prime renewal. Please verify your account within 24 hours to avoid service interruption. This message relates to your amazon services. Please follow the provided verification steps.,1
Technical Support,Security Alert: Support Verification,We detected support verification. Please verify your account within 24 hours to avoid service interruption. This message relates to your technical support services. Please follow the provided verification steps.,1
Invoice/Payment,Immediate: Remittance Advice,"As part of a routine security review regarding remittance advice, please complete the requested verification. This message relates to your invoice/payment services. Please follow the provided verification steps.",1
University,Attention: Library Account,Your account has been flagged due to library account. Review your information promptly. This message relates to your university services. Please follow the provided verification steps.,1
Amazon,Critical: Payment Declined,We detected payment declined. Please verify your account within 24 hours to avoid service interruption. This message relates to your amazon services. Please follow the provided verification steps.,1
Invoice/Payment,Attention: Payment Confirmation,We detected payment confirmation. Please verify your account within 24 hours to avoid service interruption. This message relates to your invoice/payment services. Please follow the provided verification steps.,1
Technical Support,Security Alert: Helpdesk Ticket,We detected helpdesk ticket. Please verify your account within 24 hours to avoid service interruption. This message relates to your technical support services. Please follow the provided verification steps.,1
PayPal,Important: Buyer Protection,"As part of a routine security review regarding buyer protection, please complete the requested verification. This message relates to your paypal services. Please follow the provided verification steps.",1
Microsoft 365,Notice: Unusual Sign-In,We require confirmation following unusual sign-in. Delayed action may result in temporary account restrictions. This message relates to your microsoft 365 services. Please follow the provided verification steps.,1
Banking,Reminder: Card Restricted,Your account has been flagged due to card restricted. Review your information promptly. This message relates to your banking services. Please follow the provided verification steps.,1
Microsoft 365,Immediate: Mfa Verification,"As part of a routine security review regarding MFA verification, please complete the requested verification. This message relates to your microsoft 365 services. Please follow the provided verification steps.",1
Password Reset,Notice: Login Problem,Your account has been flagged due to login problem. Review your information promptly. This message relates to your password reset services. Please follow the provided verification steps.,1
Invoice/Payment,Action Required: Remittance Advice,"As part of a routine security review regarding remittance advice, please complete the requested verification. This message relates to your invoice/payment services. Please follow the provided verification steps.",1
Password Reset,Urgent: Security Reset,We require confirmation following security reset. Delayed action may result in temporary account restrictions. This message relates to your password reset services. Please follow the provided verification steps.,1
Invoice/Payment,Final Reminder: Remittance Advice,We detected remittance advice. Please verify your account within 24 hours to avoid service interruption. This message relates to your invoice/payment services. Please follow the provided verification steps.,1
PayPal,Notice: Billing Verification,Our monitoring systems identified billing verification. Confirm your identity to protect your account. This message relates to your paypal services. Please follow the provided verification steps.,1
HMRC/Tax,Final Reminder: Identity Check,We require confirmation following identity check. Delayed action may result in temporary account restrictions. This message relates to your hmrc/tax services. Please follow the provided verification steps.,1
Amazon,Security Alert: Seller Message,"As part of a routine security review regarding seller message, please complete the requested verification. This message relates to your amazon services. Please follow the provided verification steps.",1
Microsoft 365,Urgent: Mailbox Suspension,We require confirmation following mailbox suspension. Delayed action may result in temporary account restrictions. This message relates to your microsoft 365 services. Please follow the provided verification steps.,1
Banking,Security Alert: Security Update,We require confirmation following security update. Delayed action may result in temporary account restrictions. This message relates to your banking services. Please follow the provided verification steps.,1
University,Immediate: Mfa Update,We require confirmation following MFA update. Delayed action may result in temporary account restrictions. This message relates to your university services. Please follow the provided verification steps.,1
Invoice/Payment,Important: Payment Confirmation,Your account has been flagged due to payment confirmation. Review your information promptly. This message relates to your invoice/payment services. Please follow the provided verification steps.,1
Amazon,Notice: Security Review,We require confirmation following security review. Delayed action may result in temporary account restrictions. This message relates to your amazon services. Please follow the provided verification steps.,1
HMRC/Tax,Immediate: Tax Refund,We require confirmation following tax refund. Delayed action may result in temporary account restrictions. This message relates to your hmrc/tax services. Please follow the provided verification steps.,1
Password Reset,Urgent: Login Problem,We detected login problem. Please verify your account within 24 hours to avoid service interruption. This message relates to your password reset services. Please follow the provided verification steps.,1
Amazon,Action Required: Order Issue,"As part of a routine security review regarding order issue, please complete the requested verification. This message relates to your amazon services. Please follow the provided verification steps.",1
Technical Support,Critical: Security Scan,Our monitoring systems identified security scan. Confirm your identity to protect your account. This message relates to your technical support services. Please follow the provided verification steps.,1
University,Notice: Tuition Notice,"As part of a routine security review regarding tuition notice, please complete the requested verification. This message relates to your university services. Please follow the provided verification steps.",1
Technical Support,Security Alert: Device Health,"As part of a routine security review regarding device health, please complete the requested verification. This message relates to your technical support services. Please follow the provided verification steps.",1
Parcel Delivery,Notice: Address Confirmation,We require confirmation following address confirmation. Delayed action may result in temporary account restrictions. This message relates to your parcel delivery services. Please follow the provided verification steps.,1
HMRC/Tax,Reminder: Document Request,We require confirmation following document request. Delayed action may result in temporary account restrictions. This message relates to your hmrc/tax services. Please follow the provided verification steps.,1
PayPal,Urgent: Login Alert,"As part of a routine security review regarding login alert, please complete the requested verification. This message relates to your paypal services. Please follow the provided verification steps.",1
University,Notice: Exam Notice,"As part of a routine security review regarding exam notice, please complete the requested verification. This message relates to your university services. Please follow the provided verification steps.",1
Microsoft 365,Action Required: New Device,Our monitoring systems identified new device. Confirm your identity to protect your account. This message relates to your microsoft 365 services. Please follow the provided verification steps.,1
Technical Support,Important: Service Interruption,"As part of a routine security review regarding service interruption, please complete the requested verification. This message relates to your technical support services. Please follow the provided verification steps.",1
Microsoft 365,Attention: Password Expiry,We detected password expiry. Please verify your account within 24 hours to avoid service interruption. This message relates to your microsoft 365 services. Please follow the provided verification steps.,1
Banking,Attention: Security Verification,"As part of a routine security review regarding security verification, please complete the requested verification. This message relates to your banking services. Please follow the provided verification steps.",1
Amazon,Reminder: Delivery Delay,Our monitoring systems identified delivery delay. Confirm your identity to protect your account. This message relates to your amazon services. Please follow the provided verification steps.,1
Banking,Action Required: Payment Confirmation,Your account has been flagged due to payment confirmation. Review your information promptly. This message relates to your banking services. Please follow the provided verification steps.,1
Parcel Delivery,Final Reminder: Package Held,"As part of a routine security review regarding package held, please complete the requested verification. This message relates to your parcel delivery services. Please follow the provided verification steps.",1
Parcel Delivery,Notice: Courier Notice,Our monitoring systems identified courier notice. Confirm your identity to protect your account. This message relates to your parcel delivery services. Please follow the provided verification steps.,1
University,Urgent: Exam Notice,"As part of a routine security review regarding exam notice, please complete the requested verification. This message relates to your university services. Please follow the provided verification steps.",1
Amazon,Notice: Delivery Delay,Your account has been flagged due to delivery delay. Review your information promptly. This message relates to your amazon services. Please follow the provided verification steps.,1
Microsoft 365,Reminder: Security Alert,"As part of a routine security review regarding security alert, please complete the requested verification. This message relates to your microsoft 365 services. Please follow the provided verification steps.",1
Parcel Delivery,Attention: Parcel Release,"As part of a routine security review regarding parcel release, please complete the requested verification. This message relates to your parcel delivery services. Please follow the provided verification steps.",1
Microsoft 365,Urgent: Admin Notice,"As part of a routine security review regarding admin notice, please complete the requested verification. This message relates to your microsoft 365 services. Please follow the provided verification steps.",1
Password Reset,Reminder: Credential Update,Our monitoring systems identified credential update. Confirm your identity to protect your account. This message relates to your password reset services. Please follow the provided verification steps.,1
University,Urgent: Exam Notice,"As part of a routine security review regarding exam notice, please complete the requested verification. This message relates to your university services. Please follow the provided verification steps.",1
Password Reset,Immediate: Account Recovery,Our monitoring systems identified account recovery. Confirm your identity to protect your account. This message relates to your password reset services. Please follow the provided verification steps.,1
HMRC/Tax,Security Alert: Compliance Review,We detected compliance review. Please verify your account within 24 hours to avoid service interruption. This message relates to your hmrc/tax services. Please follow the provided verification steps.,1
Banking,Immediate: Unusual Login,We detected unusual login. Please verify your account within 24 hours to avoid service interruption. This message relates to your banking services. Please follow the provided verification steps.,1
Microsoft 365,Final Reminder: Mfa Verification,We require confirmation following MFA verification. Delayed action may result in temporary account restrictions. This message relates to your microsoft 365 services. Please follow the provided verification steps.,1
Amazon,Security Alert: Order Issue,Your account has been flagged due to order issue. Review your information promptly. This message relates to your amazon services. Please follow the provided verification steps.,1
Technical Support,Critical: System Update,Our monitoring systems identified system update. Confirm your identity to protect your account. This message relates to your technical support services. Please follow the provided verification steps.,1
Technical Support,Urgent: Security Scan,Our monitoring systems identified security scan. Confirm your identity to protect your account. This message relates to your technical support services. Please follow the provided verification steps.,1
HMRC/Tax,Attention: Document Request,"As part of a routine security review regarding document request, please complete the requested verification. This message relates to your hmrc/tax services. Please follow the provided verification steps.",1
Password Reset,Urgent: Account Recovery,"As part of a routine security review regarding account recovery, please complete the requested verification. This message relates to your password reset services. Please follow the provided verification steps.",1
Password Reset,Security Alert: Reset Required,"As part of a routine security review regarding reset required, please complete the requested verification. This message relates to your password reset services. Please follow the provided verification steps.",1
PayPal,Action Required: Billing Verification,We detected billing verification. Please verify your account within 24 hours to avoid service interruption. This message relates to your paypal services. Please follow the provided verification steps.,1
Technical Support,Urgent: Security Scan,We require confirmation following security scan. Delayed action may result in temporary account restrictions. This message relates to your technical support services. Please follow the provided verification steps.,1
HMRC/Tax,Attention: Secure Message,Our monitoring systems identified secure message. Confirm your identity to protect your account. This message relates to your hmrc/tax services. Please follow the provided verification steps.,1
PayPal,Notice: Account Limitation,Our monitoring systems identified account limitation. Confirm your identity to protect your account. This message relates to your paypal services. Please follow the provided verification steps.,1
Banking,Important: Security Verification,We require confirmation following security verification. Delayed action may result in temporary account restrictions. This message relates to your banking services. Please follow the provided verification steps.,1
PayPal,Reminder: Login Alert,We require confirmation following login alert. Delayed action may result in temporary account restrictions. This message relates to your paypal services. Please follow the provided verification steps.,1
Amazon,Notice: Security Review,We detected security review. Please verify your account within 24 hours to avoid service interruption. This message relates to your amazon services. Please follow the provided verification steps.,1
Amazon,Urgent: Gift Card,"As part of a routine security review regarding gift card, please complete the requested verification. This message relates to your amazon services. Please follow the provided verification steps.",1
Banking,Immediate: Card Restricted,Our monitoring systems identified card restricted. Confirm your identity to protect your account. This message relates to your banking services. Please follow the provided verification steps.,1
Invoice/Payment,Urgent: Finance Review,We detected finance review. Please verify your account within 24 hours to avoid service interruption. This message relates to your invoice/payment services. Please follow the provided verification steps.,1
Microsoft 365,Attention: Storage Limit,"As part of a routine security review regarding storage limit, please complete the requested verification. This message relates to your microsoft 365 services. Please follow the provided verification steps.",1
Technical Support,Reminder: Service Interruption,"As part of a routine security review regarding service interruption, please complete the requested verification. This message relates to your technical support services. Please follow the provided verification steps.",1
Invoice/Payment,Action Required: Wire Transfer,Our monitoring systems identified wire transfer. Confirm your identity to protect your account. This message relates to your invoice/payment services. Please follow the provided verification steps.,1
Parcel Delivery,Security Alert: Delivery Failed,"As part of a routine security review regarding delivery failed, please complete the requested verification. This message relates to your parcel delivery services. Please follow the provided verification steps.",1
Amazon,Immediate: Purchase Alert,"As part of a routine security review regarding purchase alert, please complete the requested verification. This message relates to your amazon services. Please follow the provided verification steps.",1
Invoice/Payment,Notice: Supplier Update,"As part of a routine security review regarding supplier update, please complete the requested verification. This message relates to your invoice/payment services. Please follow the provided verification steps.",1
Microsoft 365,Notice: Admin Notice,"As part of a routine security review regarding admin notice, please complete the requested verification. This message relates to your microsoft 365 services. Please follow the provided verification steps.",1
Parcel Delivery,Final Reminder: Tracking Update,We detected tracking update. Please verify your account within 24 hours to avoid service interruption. This message relates to your parcel delivery services. Please follow the provided verification steps.,1
HMRC/Tax,Security Alert: Tax Refund,We require confirmation following tax refund. Delayed action may result in temporary account restrictions. This message relates to your hmrc/tax services. Please follow the provided verification steps.,1
HMRC/Tax,Action Required: Tax Calculation,We detected tax calculation. Please verify your account within 24 hours to avoid service interruption. This message relates to your hmrc/tax services. Please follow the provided verification steps.,1
Microsoft 365,Notice: Security Alert,We require confirmation following security alert. Delayed action may result in temporary account restrictions. This message relates to your microsoft 365 services. Please follow the provided verification steps.,1
HMRC/Tax,Action Required: Identity Check,We detected identity check. Please verify your account within 24 hours to avoid service interruption. This message relates to your hmrc/tax services. Please follow the provided verification steps.,1
Password Reset,Important: Login Problem,We detected login problem. Please verify your account within 24 hours to avoid service interruption. This message relates to your password reset services. Please follow the provided verification steps.,1
Microsoft 365,Reminder: Mailbox Suspension,"As part of a routine security review regarding mailbox suspension, please complete the requested verification. This message relates to your microsoft 365 services. Please follow the provided verification steps.",1
Password Reset,Immediate: Login Problem,"As part of a routine security review regarding login problem, please complete the requested verification. This message relates to your password reset services. Please follow the provided verification steps.",1
Banking,Security Alert: Unusual Login,Our monitoring systems identified unusual login. Confirm your identity to protect your account. This message relates to your banking services. Please follow the provided verification steps.,1
HMRC/Tax,Security Alert: Payment Reminder,Your account has been flagged due to payment reminder. Review your information promptly. This message relates to your hmrc/tax services. Please follow the provided verification steps.,1
Parcel Delivery,Action Required: Parcel Release,We detected parcel release. Please verify your account within 24 hours to avoid service interruption. This message relates to your parcel delivery services. Please follow the provided verification steps.,1
Technical Support,Immediate: System Update,We require confirmation following system update. Delayed action may result in temporary account restrictions. This message relates to your technical support services. Please follow the provided verification steps.,1
Banking,Attention: New Device Login,We detected new device login. Please verify your account within 24 hours to avoid service interruption. This message relates to your banking services. Please follow the provided verification steps.,1
PayPal,Notice: Login Alert,We require confirmation following login alert. Delayed action may result in temporary account restrictions. This message relates to your paypal services. Please follow the provided verification steps.,1
PayPal,Critical: Account Limitation,"As part of a routine security review regarding account limitation, please complete the requested verification. This message relates to your paypal services. Please follow the provided verification steps.",1
Technical Support,Critical: System Update,"As part of a routine security review regarding system update, please complete the requested verification. This message relates to your technical support services. Please follow the provided verification steps.",1
Parcel Delivery,Action Required: Signature Required,We detected signature required. Please verify your account within 24 hours to avoid service interruption. This message relates to your parcel delivery services. Please follow the provided verification steps.,1
Banking,Immediate: Security Verification,We detected security verification. Please verify your account within 24 hours to avoid service interruption. This message relates to your banking services. Please follow the provided verification steps.,1
Password Reset,Immediate: Account Recovery,"As part of a routine security review regarding account recovery, please complete the requested verification. This message relates to your password reset services. Please follow the provided verification steps.",1
HMRC/Tax,Urgent: Payment Reminder,Our monitoring systems identified payment reminder. Confirm your identity to protect your account. This message relates to your hmrc/tax services. Please follow the provided verification steps.,1
Technical Support,Security Alert: System Update,We detected system update. Please verify your account within 24 hours to avoid service interruption. This message relates to your technical support services. Please follow the provided verification steps.,1
Technical Support,Final Reminder: Remote Assistance,Our monitoring systems identified remote assistance. Confirm your identity to protect your account. This message relates to your technical support services. Please follow the provided verification steps.,1
Banking,Final Reminder: Unusual Login,Your account has been flagged due to unusual login. Review your information promptly. This message relates to your banking services. Please follow the provided verification steps.,1
Banking,Reminder: New Device Login,Our monitoring systems identified new device login. Confirm your identity to protect your account. This message relates to your banking services. Please follow the provided verification steps.,1
Invoice/Payment,Urgent: Supplier Update,Our monitoring systems identified supplier update. Confirm your identity to protect your account. This message relates to your invoice/payment services. Please follow the provided verification steps.,1
Microsoft 365,Final Reminder: Admin Notice,"As part of a routine security review regarding admin notice, please complete the requested verification. This message relates to your microsoft 365 services. Please follow the provided verification steps.",1
University,Security Alert: Mfa Update,"As part of a routine security review regarding MFA update, please complete the requested verification. This message relates to your university services. Please follow the provided verification steps.",1
HMRC/Tax,Final Reminder: Compliance Review,"As part of a routine security review regarding compliance review, please complete the requested verification. This message relates to your hmrc/tax services. Please follow the provided verification steps.",1
HMRC/Tax,Urgent: Secure Message,"As part of a routine security review regarding secure message, please complete the requested verification. This message relates to your hmrc/tax services. Please follow the provided verification steps.",1
Microsoft 365,Action Required: Security Alert,Our monitoring systems identified security alert. Confirm your identity to protect your account. This message relates to your microsoft 365 services. Please follow the provided verification steps.,1
Password Reset,Security Alert: Credential Update,Your account has been flagged due to credential update. Review your information promptly. This message relates to your password reset services. Please follow the provided verification steps.,1
Microsoft 365,Notice: Storage Limit,Our monitoring systems identified storage limit. Confirm your identity to protect your account. This message relates to your microsoft 365 services. Please follow the provided verification steps.,1
Banking,Final Reminder: New Device Login,We require confirmation following new device login. Delayed action may result in temporary account restrictions. This message relates to your banking services. Please follow the provided verification steps.,1
HMRC/Tax,Critical: Identity Check,We detected identity check. Please verify your account within 24 hours to avoid service interruption. This message relates to your hmrc/tax services. Please follow the provided verification steps.,1
Technical Support,Notice: Support Verification,"As part of a routine security review regarding support verification, please complete the requested verification. This message relates to your technical support services. Please follow the provided verification steps.",1
Microsoft 365,Immediate: Mailbox Suspension,We detected mailbox suspension. Please verify your account within 24 hours to avoid service interruption. This message relates to your microsoft 365 services. Please follow the provided verification steps.,1
HMRC/Tax,Security Alert: Compliance Review,"As part of a routine security review regarding compliance review, please complete the requested verification. This message relates to your hmrc/tax services. Please follow the provided verification steps.",1
Banking,Notice: Identity Verification,We detected identity verification. Please verify your account within 24 hours to avoid service interruption. This message relates to your banking services. Please follow the provided verification steps.,1
Technical Support,Important: Device Health,We require confirmation following device health. Delayed action may result in temporary account restrictions. This message relates to your technical support services. Please follow the provided verification steps.,1
Technical Support,Reminder: Support Verification,We require confirmation following support verification. Delayed action may result in temporary account restrictions. This message relates to your technical support services. Please follow the provided verification steps.,1
Invoice/Payment,Important: Billing Issue,Our monitoring systems identified billing issue. Confirm your identity to protect your account. This message relates to your invoice/payment services. Please follow the provided verification steps.,1
Parcel Delivery,Critical: Signature Required,Our monitoring systems identified signature required. Confirm your identity to protect your account. This message relates to your parcel delivery services. Please follow the provided verification steps.,1
HMRC/Tax,Action Required: Refund Processing,Our monitoring systems identified refund processing. Confirm your identity to protect your account. This message relates to your hmrc/tax services. Please follow the provided verification steps.,1
HMRC/Tax,Immediate: Payment Reminder,Our monitoring systems identified payment reminder. Confirm your identity to protect your account. This message relates to your hmrc/tax services. Please follow the provided verification steps.,1
Microsoft 365,Notice: Security Alert,Our monitoring systems identified security alert. Confirm your identity to protect your account. This message relates to your microsoft 365 services. Please follow the provided verification steps.,1
PayPal,Security Alert: Account Limitation,Your account has been flagged due to account limitation. Review your information promptly. This message relates to your paypal services. Please follow the provided verification steps.,1
HMRC/Tax,Security Alert: Rebate Notice,"As part of a routine security review regarding rebate notice, please complete the requested verification. This message relates to your hmrc/tax services. Please follow the provided verification steps.",1
Banking,Immediate: Security Update,We detected security update. Please verify your account within 24 hours to avoid service interruption. This message relates to your banking services. Please follow the provided verification steps.,1
PayPal,Attention: Invoice Received,Our monitoring systems identified invoice received. Confirm your identity to protect your account. This message relates to your paypal services. Please follow the provided verification steps.,1
Invoice/Payment,Urgent: Finance Review,Your account has been flagged due to finance review. Review your information promptly. This message relates to your invoice/payment services. Please follow the provided verification steps.,1
Parcel Delivery,Important: Signature Required,"As part of a routine security review regarding signature required, please complete the requested verification. This message relates to your parcel delivery services. Please follow the provided verification steps.",1
Microsoft 365,Important: Storage Limit,"As part of a routine security review regarding storage limit, please complete the requested verification. This message relates to your microsoft 365 services. Please follow the provided verification steps.",1
HMRC/Tax,Notice: Secure Message,We require confirmation following secure message. Delayed action may result in temporary account restrictions. This message relates to your hmrc/tax services. Please follow the provided verification steps.,1
Invoice/Payment,Attention: Finance Review,We require confirmation following finance review. Delayed action may result in temporary account restrictions. This message relates to your invoice/payment services. Please follow the provided verification steps.,1
Parcel Delivery,Important: Parcel Release,"As part of a routine security review regarding parcel release, please complete the requested verification. This message relates to your parcel delivery services. Please follow the provided verification steps.",1
Microsoft 365,Final Reminder: Unusual Sign-In,Your account has been flagged due to unusual sign-in. Review your information promptly. This message relates to your microsoft 365 services. Please follow the provided verification steps.,1
Password Reset,Notice: Verification Code,Our monitoring systems identified verification code. Confirm your identity to protect your account. This message relates to your password reset services. Please follow the provided verification steps.,1
HMRC/Tax,Security Alert: Identity Check,Our monitoring systems identified identity check. Confirm your identity to protect your account. This message relates to your hmrc/tax services. Please follow the provided verification steps.,1
HMRC/Tax,Final Reminder: Rebate Notice,Your account has been flagged due to rebate notice. Review your information promptly. This message relates to your hmrc/tax services. Please follow the provided verification steps.,1
Banking,Important: Security Update,"As part of a routine security review regarding security update, please complete the requested verification. This message relates to your banking services. Please follow the provided verification steps.",1
Amazon,Critical: Payment Declined,We detected payment declined. Please verify your account within 24 hours to avoid service interruption. This message relates to your amazon services. Please follow the provided verification steps.,1
PayPal,Immediate: Login Alert,Your account has been flagged due to login alert. Review your information promptly. This message relates to your paypal services. Please follow the provided verification steps.,1
Amazon,Final Reminder: Purchase Alert,Our monitoring systems identified purchase alert. Confirm your identity to protect your account. This message relates to your amazon services. Please follow the provided verification steps.,1
University,Security Alert: Library Account,Your account has been flagged due to library account. Review your information promptly. This message relates to your university services. Please follow the provided verification steps.,1
University,Urgent: Library Account,We require confirmation following library account. Delayed action may result in temporary account restrictions. This message relates to your university services. Please follow the provided verification steps.,1
Technical Support,Notice: Remote Assistance,We require confirmation following remote assistance. Delayed action may result in temporary account restrictions. This message relates to your technical support services. Please follow the provided verification steps.,1
HMRC/Tax,Attention: Tax Calculation,Our monitoring systems identified tax calculation. Confirm your identity to protect your account. This message relates to your hmrc/tax services. Please follow the provided verification steps.,1
Microsoft 365,Critical: License Renewal,Our monitoring systems identified license renewal. Confirm your identity to protect your account. This message relates to your microsoft 365 services. Please follow the provided verification steps.,1
University,Action Required: It Helpdesk,"As part of a routine security review regarding IT helpdesk, please complete the requested verification. This message relates to your university services. Please follow the provided verification steps.",1
Technical Support,Security Alert: Helpdesk Ticket,Our monitoring systems identified helpdesk ticket. Confirm your identity to protect your account. This message relates to your technical support services. Please follow the provided verification steps.,1
Amazon,Reminder: Prime Renewal,Our monitoring systems identified prime renewal. Confirm your identity to protect your account. This message relates to your amazon services. Please follow the provided verification steps.,1
Invoice/Payment,Urgent: Overdue Invoice,We require confirmation following overdue invoice. Delayed action may result in temporary account restrictions. This message relates to your invoice/payment services. Please follow the provided verification steps.,1
Banking,Action Required: Card Restricted,We detected card restricted. Please verify your account within 24 hours to avoid service interruption. This message relates to your banking services. Please follow the provided verification steps.,1
Password Reset,Notice: Security Confirmation,We detected security confirmation. Please verify your account within 24 hours to avoid service interruption. This message relates to your password reset services. Please follow the provided verification steps.,1
Parcel Delivery,Action Required: Customs Fee,Your account has been flagged due to customs fee. Review your information promptly. This message relates to your parcel delivery services. Please follow the provided verification steps.,1
Invoice/Payment,Final Reminder: Payment Confirmation,Your account has been flagged due to payment confirmation. Review your information promptly. This message relates to your invoice/payment services. Please follow the provided verification steps.,1
HMRC/Tax,Attention: Compliance Review,We detected compliance review. Please verify your account within 24 hours to avoid service interruption. This message relates to your hmrc/tax services. Please follow the provided verification steps.,1
Banking,Final Reminder: Security Verification,Your account has been flagged due to security verification. Review your information promptly. This message relates to your banking services. Please follow the provided verification steps.,1
Password Reset,Immediate: Reset Required,We detected reset required. Please verify your account within 24 hours to avoid service interruption. This message relates to your password reset services. Please follow the provided verification steps.,1
PayPal,Critical: Security Check,"As part of a routine security review regarding security check, please complete the requested verification. This message relates to your paypal services. Please follow the provided verification steps.",1
Password Reset,Critical: Reset Required,Your account has been flagged due to reset required. Review your information promptly. This message relates to your password reset services. Please follow the provided verification steps.,1
University,Immediate: Mfa Update,We require confirmation following MFA update. Delayed action may result in temporary account restrictions. This message relates to your university services. Please follow the provided verification steps.,1
Banking,Urgent: Unusual Login,Your account has been flagged due to unusual login. Review your information promptly. This message relates to your banking services. Please follow the provided verification steps.,1
University,Immediate: Account Suspension,Your account has been flagged due to account suspension. Review your information promptly. This message relates to your university services. Please follow the provided verification steps.,1
Technical Support,Important: Service Interruption,We detected service interruption. Please verify your account within 24 hours to avoid service interruption. This message relates to your technical support services. Please follow the provided verification steps.,1
University,Action Required: Password Reset,We require confirmation following password reset. Delayed action may result in temporary account restrictions. This message relates to your university services. Please follow the provided verification steps.,1
Invoice/Payment,Action Required: Supplier Update,We require confirmation following supplier update. Delayed action may result in temporary account restrictions. This message relates to your invoice/payment services. Please follow the provided verification steps.,1
University,Final Reminder: Tuition Notice,Your account has been flagged due to tuition notice. Review your information promptly. This message relates to your university services. Please follow the provided verification steps.,1
Microsoft 365,Important: Account Validation,We detected account validation. Please verify your account within 24 hours to avoid service interruption. This message relates to your microsoft 365 services. Please follow the provided verification steps.,1
Banking,Reminder: Fraud Alert,Your account has been flagged due to fraud alert. Review your information promptly. This message relates to your banking services. Please follow the provided verification steps.,1
Password Reset,Critical: Reset Required,We detected reset required. Please verify your account within 24 hours to avoid service interruption. This message relates to your password reset services. Please follow the provided verification steps.,1
PayPal,Reminder: Buyer Protection,Our monitoring systems identified buyer protection. Confirm your identity to protect your account. This message relates to your paypal services. Please follow the provided verification steps.,1
University,Important: Password Reset,Your account has been flagged due to password reset. Review your information promptly. This message relates to your university services. Please follow the provided verification steps.,1
PayPal,Notice: Security Check,"As part of a routine security review regarding security check, please complete the requested verification. This message relates to your paypal services. Please follow the provided verification steps.",1
Technical Support,Action Required: Critical Patch,Your account has been flagged due to critical patch. Review your information promptly. This message relates to your technical support services. Please follow the provided verification steps.,1
Password Reset,Urgent: Password Policy,"As part of a routine security review regarding password policy, please complete the requested verification. This message relates to your password reset services. Please follow the provided verification steps.",1
HMRC/Tax,Important: Rebate Notice,Your account has been flagged due to rebate notice. Review your information promptly. This message relates to your hmrc/tax services. Please follow the provided verification steps.,1
Amazon,Critical: Account Verification,Your account has been flagged due to account verification. Review your information promptly. This message relates to your amazon services. Please follow the provided verification steps.,1
Microsoft 365,Urgent: Mfa Verification,Our monitoring systems identified MFA verification. Confirm your identity to protect your account. This message relates to your microsoft 365 services. Please follow the provided verification steps.,1
Banking,Security Alert: Payment Confirmation,Your account has been flagged due to payment confirmation. Review your information promptly. This message relates to your banking services. Please follow the provided verification steps.,1
PayPal,Critical: Billing Verification,We require confirmation following billing verification. Delayed action may result in temporary account restrictions. This message relates to your paypal services. Please follow the provided verification steps.,1
Microsoft 365,Action Required: Admin Notice,Our monitoring systems identified admin notice. Confirm your identity to protect your account. This message relates to your microsoft 365 services. Please follow the provided verification steps.,1
Banking,Notice: Security Verification,We require confirmation following security verification. Delayed action may result in temporary account restrictions. This message relates to your banking services. Please follow the provided verification steps.,1
Technical Support,Immediate: Virus Detected,Our monitoring systems identified virus detected. Confirm your identity to protect your account. This message relates to your technical support services. Please follow the provided verification steps.,1
Banking,Immediate: Account Review,Our monitoring systems identified account review. Confirm your identity to protect your account. This message relates to your banking services. Please follow the provided verification steps.,1
Password Reset,Important: Account Recovery,"As part of a routine security review regarding account recovery, please complete the requested verification. This message relates to your password reset services. Please follow the provided verification steps.",1
Technical Support,Notice: Software License,Our monitoring systems identified software license. Confirm your identity to protect your account. This message relates to your technical support services. Please follow the provided verification steps.,1
HMRC/Tax,Immediate: Refund Processing,"As part of a routine security review regarding refund processing, please complete the requested verification. This message relates to your hmrc/tax services. Please follow the provided verification steps.",1
Parcel Delivery,Immediate: Shipping Delay,Your account has been flagged due to shipping delay. Review your information promptly. This message relates to your parcel delivery services. Please follow the provided verification steps.,1
Invoice/Payment,Notice: Finance Review,We require confirmation following finance review. Delayed action may result in temporary account restrictions. This message relates to your invoice/payment services. Please follow the provided verification steps.,1
Technical Support,Attention: Critical Patch,We detected critical patch. Please verify your account within 24 hours to avoid service interruption. This message relates to your technical support services. Please follow the provided verification steps.,1
Technical Support,Critical: Critical Patch,We require confirmation following critical patch. Delayed action may result in temporary account restrictions. This message relates to your technical support services. Please follow the provided verification steps.,1
Technical Support,Immediate: Device Health,Your account has been flagged due to device health. Review your information promptly. This message relates to your technical support services. Please follow the provided verification steps.,1
University,Attention: Password Reset,Our monitoring systems identified password reset. Confirm your identity to protect your account. This message relates to your university services. Please follow the provided verification steps.,1
Parcel Delivery,Action Required: Signature Required,Your account has been flagged due to signature required. Review your information promptly. This message relates to your parcel delivery services. Please follow the provided verification steps.,1
Technical Support,Urgent: Service Interruption,Our monitoring systems identified service interruption. Confirm your identity to protect your account. This message relates to your technical support services. Please follow the provided verification steps.,1
Technical Support,Final Reminder: Security Scan,We detected security scan. Please verify your account within 24 hours to avoid service interruption. This message relates to your technical support services. Please follow the provided verification steps.,1
Amazon,Immediate: Seller Message,"As part of a routine security review regarding seller message, please complete the requested verification. This message relates to your amazon services. Please follow the provided verification steps.",1
Parcel Delivery,Action Required: Customs Fee,We require confirmation following customs fee. Delayed action may result in temporary account restrictions. This message relates to your parcel delivery services. Please follow the provided verification steps.,1
HMRC/Tax,Security Alert: Payment Reminder,Your account has been flagged due to payment reminder. Review your information promptly. This message relates to your hmrc/tax services. Please follow the provided verification steps.,1
University,Security Alert: Password Reset,"As part of a routine security review regarding password reset, please complete the requested verification. This message relates to your university services. Please follow the provided verification steps.",1
Invoice/Payment,Attention: Payment Failure,"As part of a routine security review regarding payment failure, please complete the requested verification. This message relates to your invoice/payment services. Please follow the provided verification steps.",1
PayPal,Important: Account Limitation,"As part of a routine security review regarding account limitation, please complete the requested verification. This message relates to your paypal services. Please follow the provided verification steps.",1
Password Reset,Security Alert: Authentication Issue,We detected authentication issue. Please verify your account within 24 hours to avoid service interruption. This message relates to your password reset services. Please follow the provided verification steps.,1
PayPal,Final Reminder: Account Limitation,We detected account limitation. Please verify your account within 24 hours to avoid service interruption. This message relates to your paypal services. Please follow the provided verification steps.,1
Microsoft 365,Immediate: Security Alert,We detected security alert. Please verify your account within 24 hours to avoid service interruption. This message relates to your microsoft 365 services. Please follow the provided verification steps.,1
HMRC/Tax,Action Required: Compliance Review,We require confirmation following compliance review. Delayed action may result in temporary account restrictions. This message relates to your hmrc/tax services. Please follow the provided verification steps.,1
Amazon,Final Reminder: Account Verification,Our monitoring systems identified account verification. Confirm your identity to protect your account. This message relates to your amazon services. Please follow the provided verification steps.,1
PayPal,Security Alert: Payment On Hold,"As part of a routine security review regarding payment on hold, please complete the requested verification. This message relates to your paypal services. Please follow the provided verification steps.",1
University,Security Alert: Account Suspension,Your account has been flagged due to account suspension. Review your information promptly. This message relates to your university services. Please follow the provided verification steps.,1
Password Reset,Important: Security Reset,We detected security reset. Please verify your account within 24 hours to avoid service interruption. This message relates to your password reset services. Please follow the provided verification steps.,1
HMRC/Tax,Important: Rebate Notice,We require confirmation following rebate notice. Delayed action may result in temporary account restrictions. This message relates to your hmrc/tax services. Please follow the provided verification steps.,1
HMRC/Tax,Action Required: Identity Check,We require confirmation following identity check. Delayed action may result in temporary account restrictions. This message relates to your hmrc/tax services. Please follow the provided verification steps.,1
HMRC/Tax,Notice: Refund Processing,We require confirmation following refund processing. Delayed action may result in temporary account restrictions. This message relates to your hmrc/tax services. Please follow the provided verification steps.,1
Microsoft 365,Attention: Mailbox Suspension,Your account has been flagged due to mailbox suspension. Review your information promptly. This message relates to your microsoft 365 services. Please follow the provided verification steps.,1
PayPal,Notice: Login Alert,"As part of a routine security review regarding login alert, please complete the requested verification. This message relates to your paypal services. Please follow the provided verification steps.",1
University,Immediate: Tuition Notice,"As part of a routine security review regarding tuition notice, please complete the requested verification. This message relates to your university services. Please follow the provided verification steps.",1
Banking,Security Alert: Security Verification,"As part of a routine security review regarding security verification, please complete the requested verification. This message relates to your banking services. Please follow the provided verification steps.",1
Password Reset,Final Reminder: Security Reset,We detected security reset. Please verify your account within 24 hours to avoid service interruption. This message relates to your password reset services. Please follow the provided verification steps.,1
University,Critical: Student Portal,We require confirmation following student portal. Delayed action may result in temporary account restrictions. This message relates to your university services. Please follow the provided verification steps.,1
Password Reset,Urgent: Reset Required,Our monitoring systems identified reset required. Confirm your identity to protect your account. This message relates to your password reset services. Please follow the provided verification steps.,1
Banking,Immediate: Unusual Login,We require confirmation following unusual login. Delayed action may result in temporary account restrictions. This message relates to your banking services. Please follow the provided verification steps.,1
Parcel Delivery,Attention: Address Confirmation,Our monitoring systems identified address confirmation. Confirm your identity to protect your account. This message relates to your parcel delivery services. Please follow the provided verification steps.,1
University,Attention: Account Suspension,We detected account suspension. Please verify your account within 24 hours to avoid service interruption. This message relates to your university services. Please follow the provided verification steps.,1
Microsoft 365,Critical: Mfa Verification,We detected MFA verification. Please verify your account within 24 hours to avoid service interruption. This message relates to your microsoft 365 services. Please follow the provided verification steps.,1
PayPal,Attention: Account Limitation,Your account has been flagged due to account limitation. Review your information promptly. This message relates to your paypal services. Please follow the provided verification steps.,1
Parcel Delivery,Important: Tracking Update,Our monitoring systems identified tracking update. Confirm your identity to protect your account. This message relates to your parcel delivery services. Please follow the provided verification steps.,1
Technical Support,Important: Helpdesk Ticket,We detected helpdesk ticket. Please verify your account within 24 hours to avoid service interruption. This message relates to your technical support services. Please follow the provided verification steps.,1
HMRC/Tax,Reminder: Secure Message,We require confirmation following secure message. Delayed action may result in temporary account restrictions. This message relates to your hmrc/tax services. Please follow the provided verification steps.,1
Microsoft 365,Important: Mailbox Suspension,Your account has been flagged due to mailbox suspension. Review your information promptly. This message relates to your microsoft 365 services. Please follow the provided verification steps.,1
Technical Support,Attention: Critical Patch,Your account has been flagged due to critical patch. Review your information promptly. This message relates to your technical support services. Please follow the provided verification steps.,1
PayPal,Urgent: Payment On Hold,Your account has been flagged due to payment on hold. Review your information promptly. This message relates to your paypal services. Please follow the provided verification steps.,1
Invoice/Payment,Urgent: Invoice Correction,We require confirmation following invoice correction. Delayed action may result in temporary account restrictions. This message relates to your invoice/payment services. Please follow the provided verification steps.,1
Technical Support,Immediate: Virus Detected,Our monitoring systems identified virus detected. Confirm your identity to protect your account. This message relates to your technical support services. Please follow the provided verification steps.,1
Parcel Delivery,Immediate: Tracking Update,"As part of a routine security review regarding tracking update, please complete the requested verification. This message relates to your parcel delivery services. Please follow the provided verification steps.",1
Technical Support,Urgent: System Update,Our monitoring systems identified system update. Confirm your identity to protect your account. This message relates to your technical support services. Please follow the provided verification steps.,1
HMRC/Tax,Reminder: Tax Calculation,Your account has been flagged due to tax calculation. Review your information promptly. This message relates to your hmrc/tax services. Please follow the provided verification steps.,1
Password Reset,Reminder: Password Expiry,We require confirmation following password expiry. Delayed action may result in temporary account restrictions. This message relates to your password reset services. Please follow the provided verification steps.,1
Microsoft 365,Security Alert: Security Alert,We detected security alert. Please verify your account within 24 hours to avoid service interruption. This message relates to your microsoft 365 services. Please follow the provided verification steps.,1
Amazon,Urgent: Purchase Alert,We require confirmation following purchase alert. Delayed action may result in temporary account restrictions. This message relates to your amazon services. Please follow the provided verification steps.,1
Password Reset,Critical: Reset Required,"As part of a routine security review regarding reset required, please complete the requested verification. This message relates to your password reset services. Please follow the provided verification steps.",1
Parcel Delivery,Important: Shipping Delay,"As part of a routine security review regarding shipping delay, please complete the requested verification. This message relates to your parcel delivery services. Please follow the provided verification steps.",1
Banking,Important: Account Locked,We require confirmation following account locked. Delayed action may result in temporary account restrictions. This message relates to your banking services. Please follow the provided verification steps.,1
Microsoft 365,Critical: Mfa Verification,We detected MFA verification. Please verify your account within 24 hours to avoid service interruption. This message relates to your microsoft 365 services. Please follow the provided verification steps.,1
Microsoft 365,Immediate: Storage Limit,Your account has been flagged due to storage limit. Review your information promptly. This message relates to your microsoft 365 services. Please follow the provided verification steps.,1
University,Critical: Account Suspension,We detected account suspension. Please verify your account within 24 hours to avoid service interruption. This message relates to your university services. Please follow the provided verification steps.,1
Amazon,Attention: Payment Declined,Our monitoring systems identified payment declined. Confirm your identity to protect your account. This message relates to your amazon services. Please follow the provided verification steps.,1
Invoice/Payment,Security Alert: Purchase Order,We require confirmation following purchase order. Delayed action may result in temporary account restrictions. This message relates to your invoice/payment services. Please follow the provided verification steps.,1
HMRC/Tax,Security Alert: Tax Calculation,We detected tax calculation. Please verify your account within 24 hours to avoid service interruption. This message relates to your hmrc/tax services. Please follow the provided verification steps.,1
Parcel Delivery,Notice: Courier Notice,We detected courier notice. Please verify your account within 24 hours to avoid service interruption. This message relates to your parcel delivery services. Please follow the provided verification steps.,1
Technical Support,Security Alert: Critical Patch,"As part of a routine security review regarding critical patch, please complete the requested verification. This message relates to your technical support services. Please follow the provided verification steps.",1
University,Urgent: It Helpdesk,Our monitoring systems identified IT helpdesk. Confirm your identity to protect your account. This message relates to your university services. Please follow the provided verification steps.,1
Password Reset,Attention: Security Reset,We require confirmation following security reset. Delayed action may result in temporary account restrictions. This message relates to your password reset services. Please follow the provided verification steps.,1
Password Reset,Reminder: Verification Code,"As part of a routine security review regarding verification code, please complete the requested verification. This message relates to your password reset services. Please follow the provided verification steps.",1
Banking,Important: Security Update,Our monitoring systems identified security update. Confirm your identity to protect your account. This message relates to your banking services. Please follow the provided verification steps.,1
Banking,Critical: New Device Login,We detected new device login. Please verify your account within 24 hours to avoid service interruption. This message relates to your banking services. Please follow the provided verification steps.,1
Password Reset,Urgent: Security Reset,We require confirmation following security reset. Delayed action may result in temporary account restrictions. This message relates to your password reset services. Please follow the provided verification steps.,1
Banking,Action Required: New Device Login,We require confirmation following new device login. Delayed action may result in temporary account restrictions. This message relates to your banking services. Please follow the provided verification steps.,1
Microsoft 365,Notice: Security Alert,We require confirmation following security alert. Delayed action may result in temporary account restrictions. This message relates to your microsoft 365 services. Please follow the provided verification steps.,1
University,Immediate: Exam Notice,Our monitoring systems identified exam notice. Confirm your identity to protect your account. This message relates to your university services. Please follow the provided verification steps.,1
Invoice/Payment,Urgent: Payment Confirmation,Our monitoring systems identified payment confirmation. Confirm your identity to protect your account. This message relates to your invoice/payment services. Please follow the provided verification steps.,1
Amazon,Urgent: Delivery Delay,Your account has been flagged due to delivery delay. Review your information promptly. This message relates to your amazon services. Please follow the provided verification steps.,1
University,Urgent: Library Account,We require confirmation following library account. Delayed action may result in temporary account restrictions. This message relates to your university services. Please follow the provided verification steps.,1
Password Reset,Action Required: Password Policy,Your account has been flagged due to password policy. Review your information promptly. This message relates to your password reset services. Please follow the provided verification steps.,1
Invoice/Payment,Security Alert: Wire Transfer,Your account has been flagged due to wire transfer. Review your information promptly. This message relates to your invoice/payment services. Please follow the provided verification steps.,1
Technical Support,Critical: Helpdesk Ticket,We require confirmation following helpdesk ticket. Delayed action may result in temporary account restrictions. This message relates to your technical support services. Please follow the provided verification steps.,1
Invoice/Payment,Final Reminder: Payment Failure,We detected payment failure. Please verify your account within 24 hours to avoid service interruption. This message relates to your invoice/payment services. Please follow the provided verification steps.,1
Parcel Delivery,Security Alert: Reschedule Delivery,Your account has been flagged due to reschedule delivery. Review your information promptly. This message relates to your parcel delivery services. Please follow the provided verification steps.,1
PayPal,Security Alert: Login Alert,Your account has been flagged due to login alert. Review your information promptly. This message relates to your paypal services. Please follow the provided verification steps.,1
Amazon,Notice: Delivery Delay,"As part of a routine security review regarding delivery delay, please complete the requested verification. This message relates to your amazon services. Please follow the provided verification steps.",1
Invoice/Payment,Important: Overdue Invoice,Your account has been flagged due to overdue invoice. Review your information promptly. This message relates to your invoice/payment services. Please follow the provided verification steps.,1
HMRC/Tax,Final Reminder: Identity Check,Your account has been flagged due to identity check. Review your information promptly. This message relates to your hmrc/tax services. Please follow the provided verification steps.,1
HMRC/Tax,Security Alert: Tax Calculation,We require confirmation following tax calculation. Delayed action may result in temporary account restrictions. This message relates to your hmrc/tax services. Please follow the provided verification steps.,1
Technical Support,Immediate: Service Interruption,We require confirmation following service interruption. Delayed action may result in temporary account restrictions. This message relates to your technical support services. Please follow the provided verification steps.,1
Banking,Reminder: Identity Verification,We require confirmation following identity verification. Delayed action may result in temporary account restrictions. This message relates to your banking services. Please follow the provided verification steps.,1
Banking,Critical: New Device Login,"As part of a routine security review regarding new device login, please complete the requested verification. This message relates to your banking services. Please follow the provided verification steps.",1
Banking,Final Reminder: Unusual Login,Your account has been flagged due to unusual login. Review your information promptly. This message relates to your banking services. Please follow the provided verification steps.,1
HMRC/Tax,Reminder: Compliance Review,We require confirmation following compliance review. Delayed action may result in temporary account restrictions. This message relates to your hmrc/tax services. Please follow the provided verification steps.,1
Password Reset,Immediate: Security Reset,Our monitoring systems identified security reset. Confirm your identity to protect your account. This message relates to your password reset services. Please follow the provided verification steps.,1
Password Reset,Notice: Security Reset,Your account has been flagged due to security reset. Review your information promptly. This message relates to your password reset services. Please follow the provided verification steps.,1
Invoice/Payment,Reminder: Remittance Advice,We require confirmation following remittance advice. Delayed action may result in temporary account restrictions. This message relates to your invoice/payment services. Please follow the provided verification steps.,1
Parcel Delivery,Important: Parcel Release,Our monitoring systems identified parcel release. Confirm your identity to protect your account. This message relates to your parcel delivery services. Please follow the provided verification steps.,1
HMRC/Tax,Action Required: Rebate Notice,"As part of a routine security review regarding rebate notice, please complete the requested verification. This message relates to your hmrc/tax services. Please follow the provided verification steps.",1
Banking,Immediate: Payment Confirmation,We detected payment confirmation. Please verify your account within 24 hours to avoid service interruption. This message relates to your banking services. Please follow the provided verification steps.,1
HMRC/Tax,Urgent: Payment Reminder,Our monitoring systems identified payment reminder. Confirm your identity to protect your account. This message relates to your hmrc/tax services. Please follow the provided verification steps.,1
PayPal,Urgent: Billing Verification,We detected billing verification. Please verify your account within 24 hours to avoid service interruption. This message relates to your paypal services. Please follow the provided verification steps.,1
Microsoft 365,Immediate: Security Alert,Your account has been flagged due to security alert. Review your information promptly. This message relates to your microsoft 365 services. Please follow the provided verification steps.,1
PayPal,Action Required: Refund Notice,We detected refund notice. Please verify your account within 24 hours to avoid service interruption. This message relates to your paypal services. Please follow the provided verification steps.,1
HMRC/Tax,Attention: Rebate Notice,Your account has been flagged due to rebate notice. Review your information promptly. This message relates to your hmrc/tax services. Please follow the provided verification steps.,1
Parcel Delivery,Urgent: Reschedule Delivery,We detected reschedule delivery. Please verify your account within 24 hours to avoid service interruption. This message relates to your parcel delivery services. Please follow the provided verification steps.,1
Microsoft 365,Urgent: Password Expiry,We require confirmation following password expiry. Delayed action may result in temporary account restrictions. This message relates to your microsoft 365 services. Please follow the provided verification steps.,1
HMRC/Tax,Security Alert: Identity Check,Our monitoring systems identified identity check. Confirm your identity to protect your account. This message relates to your hmrc/tax services. Please follow the provided verification steps.,1
Microsoft 365,Critical: License Renewal,We detected license renewal. Please verify your account within 24 hours to avoid service interruption. This message relates to your microsoft 365 services. Please follow the provided verification steps.,1
Technical Support,Critical: Software License,Our monitoring systems identified software license. Confirm your identity to protect your account. This message relates to your technical support services. Please follow the provided verification steps.,1
Technical Support,Attention: Helpdesk Ticket,"As part of a routine security review regarding helpdesk ticket, please complete the requested verification. This message relates to your technical support services. Please follow the provided verification steps.",1
Amazon,Final Reminder: Account Verification,Your account has been flagged due to account verification. Review your information promptly. This message relates to your amazon services. Please follow the provided verification steps.,1
PayPal,Attention: Refund Notice,We require confirmation following refund notice. Delayed action may result in temporary account restrictions. This message relates to your paypal services. Please follow the provided verification steps.,1
Microsoft 365,Action Required: Storage Limit,We detected storage limit. Please verify your account within 24 hours to avoid service interruption. This message relates to your microsoft 365 services. Please follow the provided verification steps.,1
Invoice/Payment,Immediate: Finance Review,We detected finance review. Please verify your account within 24 hours to avoid service interruption. This message relates to your invoice/payment services. Please follow the provided verification steps.,1
Password Reset,Important: Security Confirmation,We detected security confirmation. Please verify your account within 24 hours to avoid service interruption. This message relates to your password reset services. Please follow the provided verification steps.,1
Password Reset,Attention: Password Expiry,We require confirmation following password expiry. Delayed action may result in temporary account restrictions. This message relates to your password reset services. Please follow the provided verification steps.,1
Banking,Important: Account Review,Our monitoring systems identified account review. Confirm your identity to protect your account. This message relates to your banking services. Please follow the provided verification steps.,1
PayPal,Notice: Wallet Update,"As part of a routine security review regarding wallet update, please complete the requested verification. This message relates to your paypal services. Please follow the provided verification steps.",1
Banking,Important: Security Update,Our monitoring systems identified security update. Confirm your identity to protect your account. This message relates to your banking services. Please follow the provided verification steps.,1
Password Reset,Critical: Verification Code,Your account has been flagged due to verification code. Review your information promptly. This message relates to your password reset services. Please follow the provided verification steps.,1
Parcel Delivery,Final Reminder: Package Held,Your account has been flagged due to package held. Review your information promptly. This message relates to your parcel delivery services. Please follow the provided verification steps.,1
Amazon,Urgent: Prime Renewal,We detected prime renewal. Please verify your account within 24 hours to avoid service interruption. This message relates to your amazon services. Please follow the provided verification steps.,1
Password Reset,Urgent: Password Policy,We require confirmation following password policy. Delayed action may result in temporary account restrictions. This message relates to your password reset services. Please follow the provided verification steps.,1
Password Reset,Notice: Password Expiry,Your account has been flagged due to password expiry. Review your information promptly. This message relates to your password reset services. Please follow the provided verification steps.,1
Banking,Attention: Unusual Login,"As part of a routine security review regarding unusual login, please complete the requested verification. This message relates to your banking services. Please follow the provided verification steps.",1
Invoice/Payment,Urgent: Supplier Update,Our monitoring systems identified supplier update. Confirm your identity to protect your account. This message relates to your invoice/payment services. Please follow the provided verification steps.,1
Banking,Action Required: Card Restricted,We detected card restricted. Please verify your account within 24 hours to avoid service interruption. This message relates to your banking services. Please follow the provided verification steps.,1
Password Reset,Important: Account Recovery,We detected account recovery. Please verify your account within 24 hours to avoid service interruption. This message relates to your password reset services. Please follow the provided verification steps.,1
Amazon,Security Alert: Gift Card,Your account has been flagged due to gift card. Review your information promptly. This message relates to your amazon services. Please follow the provided verification steps.,1
University,Notice: Email Quota,Our monitoring systems identified email quota. Confirm your identity to protect your account. This message relates to your university services. Please follow the provided verification steps.,1
Technical Support,Security Alert: Service Interruption,We detected service interruption. Please verify your account within 24 hours to avoid service interruption. This message relates to your technical support services. Please follow the provided verification steps.,1
Amazon,Reminder: Seller Message,Your account has been flagged due to seller message. Review your information promptly. This message relates to your amazon services. Please follow the provided verification steps.,1
Invoice/Payment,Reminder: Invoice Correction,We require confirmation following invoice correction. Delayed action may result in temporary account restrictions. This message relates to your invoice/payment services. Please follow the provided verification steps.,1
Amazon,Final Reminder: Gift Card,We detected gift card. Please verify your account within 24 hours to avoid service interruption. This message relates to your amazon services. Please follow the provided verification steps.,1
Amazon,Notice: Security Review,Your account has been flagged due to security review. Review your information promptly. This message relates to your amazon services. Please follow the provided verification steps.,1
Password Reset,Action Required: Password Expiry,Our monitoring systems identified password expiry. Confirm your identity to protect your account. This message relates to your password reset services. Please follow the provided verification steps.,1
Microsoft 365,Critical: License Renewal,We detected license renewal. Please verify your account within 24 hours to avoid service interruption. This message relates to your microsoft 365 services. Please follow the provided verification steps.,1
Password Reset,Final Reminder: Verification Code,Your account has been flagged due to verification code. Review your information promptly. This message relates to your password reset services. Please follow the provided verification steps.,1
Microsoft 365,Immediate: Storage Limit,We require confirmation following storage limit. Delayed action may result in temporary account restrictions. This message relates to your microsoft 365 services. Please follow the provided verification steps.,1
Parcel Delivery,Final Reminder: Customs Fee,Your account has been flagged due to customs fee. Review your information promptly. This message relates to your parcel delivery services. Please follow the provided verification steps.,1
Microsoft 365,Reminder: New Device,We require confirmation following new device. Delayed action may result in temporary account restrictions. This message relates to your microsoft 365 services. Please follow the provided verification steps.,1
Microsoft 365,Immediate: Mfa Verification,We require confirmation following MFA verification. Delayed action may result in temporary account restrictions. This message relates to your microsoft 365 services. Please follow the provided verification steps.,1
HMRC/Tax,Security Alert: Payment Reminder,"As part of a routine security review regarding payment reminder, please complete the requested verification. This message relates to your hmrc/tax services. Please follow the provided verification steps.",1
PayPal,Security Alert: Billing Verification,We require confirmation following billing verification. Delayed action may result in temporary account restrictions. This message relates to your paypal services. Please follow the provided verification steps.,1
Banking,Final Reminder: Security Update,Your account has been flagged due to security update. Review your information promptly. This message relates to your banking services. Please follow the provided verification steps.,1
Banking,Final Reminder: Fraud Alert,We detected fraud alert. Please verify your account within 24 hours to avoid service interruption. This message relates to your banking services. Please follow the provided verification steps.,1
Invoice/Payment,Security Alert: Finance Review,We detected finance review. Please verify your account within 24 hours to avoid service interruption. This message relates to your invoice/payment services. Please follow the provided verification steps.,1
Invoice/Payment,Immediate: Supplier Update,We detected supplier update. Please verify your account within 24 hours to avoid service interruption. This message relates to your invoice/payment services. Please follow the provided verification steps.,1
Parcel Delivery,Final Reminder: Package Held,We detected package held. Please verify your account within 24 hours to avoid service interruption. This message relates to your parcel delivery services. Please follow the provided verification steps.,1
PayPal,Immediate: Wallet Update,We require confirmation following wallet update. Delayed action may result in temporary account restrictions. This message relates to your paypal services. Please follow the provided verification steps.,1
Parcel Delivery,Action Required: Courier Notice,"As part of a routine security review regarding courier notice, please complete the requested verification. This message relates to your parcel delivery services. Please follow the provided verification steps.",1
University,Immediate: Tuition Notice,We detected tuition notice. Please verify your account within 24 hours to avoid service interruption. This message relates to your university services. Please follow the provided verification steps.,1
Amazon,Urgent: Seller Message,"As part of a routine security review regarding seller message, please complete the requested verification. This message relates to your amazon services. Please follow the provided verification steps.",1
Invoice/Payment,Immediate: Overdue Invoice,Your account has been flagged due to overdue invoice. Review your information promptly. This message relates to your invoice/payment services. Please follow the provided verification steps.,1
HMRC/Tax,Attention: Secure Message,"As part of a routine security review regarding secure message, please complete the requested verification. This message relates to your hmrc/tax services. Please follow the provided verification steps.",1
Invoice/Payment,Attention: Wire Transfer,Your account has been flagged due to wire transfer. Review your information promptly. This message relates to your invoice/payment services. Please follow the provided verification steps.,1
University,Security Alert: Mfa Update,"As part of a routine security review regarding MFA update, please complete the requested verification. This message relates to your university services. Please follow the provided verification steps.",1
HMRC/Tax,Attention: Rebate Notice,Our monitoring systems identified rebate notice. Confirm your identity to protect your account. This message relates to your hmrc/tax services. Please follow the provided verification steps.,1
Password Reset,Action Required: Security Confirmation,We detected security confirmation. Please verify your account within 24 hours to avoid service interruption. This message relates to your password reset services. Please follow the provided verification steps.,1
Microsoft 365,Attention: Password Expiry,We detected password expiry. Please verify your account within 24 hours to avoid service interruption. This message relates to your microsoft 365 services. Please follow the provided verification steps.,1
Technical Support,Final Reminder: System Update,We detected system update. Please verify your account within 24 hours to avoid service interruption. This message relates to your technical support services. Please follow the provided verification steps.,1
Invoice/Payment,Notice: Payment Confirmation,We detected payment confirmation. Please verify your account within 24 hours to avoid service interruption. This message relates to your invoice/payment services. Please follow the provided verification steps.,1
Microsoft 365,Action Required: New Device,Our monitoring systems identified new device. Confirm your identity to protect your account. This message relates to your microsoft 365 services. Please follow the provided verification steps.,1
Password Reset,Reminder: Reset Required,Our monitoring systems identified reset required. Confirm your identity to protect your account. This message relates to your password reset services. Please follow the provided verification steps.,1
Parcel Delivery,Security Alert: Package Held,Your account has been flagged due to package held. Review your information promptly. This message relates to your parcel delivery services. Please follow the provided verification steps.,1
Amazon,Critical: Payment Declined,We require confirmation following payment declined. Delayed action may result in temporary account restrictions. This message relates to your amazon services. Please follow the provided verification steps.,1
Parcel Delivery,Reminder: Signature Required,Our monitoring systems identified signature required. Confirm your identity to protect your account. This message relates to your parcel delivery services. Please follow the provided verification steps.,1
Parcel Delivery,Immediate: Package Held,Your account has been flagged due to package held. Review your information promptly. This message relates to your parcel delivery services. Please follow the provided verification steps.,1
Invoice/Payment,Action Required: Invoice Correction,We detected invoice correction. Please verify your account within 24 hours to avoid service interruption. This message relates to your invoice/payment services. Please follow the provided verification steps.,1
University,Notice: Course Registration,Your account has been flagged due to course registration. Review your information promptly. This message relates to your university services. Please follow the provided verification steps.,1
Technical Support,Final Reminder: Support Verification,We detected support verification. Please verify your account within 24 hours to avoid service interruption. This message relates to your technical support services. Please follow the provided verification steps.,1
Invoice/Payment,Urgent: Payment Failure,We require confirmation following payment failure. Delayed action may result in temporary account restrictions. This message relates to your invoice/payment services. Please follow the provided verification steps.,1
Technical Support,Important: Virus Detected,Our monitoring systems identified virus detected. Confirm your identity to protect your account. This message relates to your technical support services. Please follow the provided verification steps.,1
Password Reset,Security Alert: Credential Update,We detected credential update. Please verify your account within 24 hours to avoid service interruption. This message relates to your password reset services. Please follow the provided verification steps.,1
University,Immediate: Password Reset,We detected password reset. Please verify your account within 24 hours to avoid service interruption. This message relates to your university services. Please follow the provided verification steps.,1
Password Reset,Action Required: Credential Update,Our monitoring systems identified credential update. Confirm your identity to protect your account. This message relates to your password reset services. Please follow the provided verification steps.,1
PayPal,Security Alert: Account Limitation,Our monitoring systems identified account limitation. Confirm your identity to protect your account. This message relates to your paypal services. Please follow the provided verification steps.,1
University,Action Required: Mfa Update,Your account has been flagged due to MFA update. Review your information promptly. This message relates to your university services. Please follow the provided verification steps.,1
Invoice/Payment,Reminder: Invoice Correction,We require confirmation following invoice correction. Delayed action may result in temporary account restrictions. This message relates to your invoice/payment services. Please follow the provided verification steps.,1
Amazon,Critical: Return Confirmation,Our monitoring systems identified return confirmation. Confirm your identity to protect your account. This message relates to your amazon services. Please follow the provided verification steps.,1
Invoice/Payment,Final Reminder: Supplier Update,Your account has been flagged due to supplier update. Review your information promptly. This message relates to your invoice/payment services. Please follow the provided verification steps.,1
Amazon,Notice: Seller Message,"As part of a routine security review regarding seller message, please complete the requested verification. This message relates to your amazon services. Please follow the provided verification steps.",1
Invoice/Payment,Urgent: Supplier Update,We require confirmation following supplier update. Delayed action may result in temporary account restrictions. This message relates to your invoice/payment services. Please follow the provided verification steps.,1
Microsoft 365,Immediate: Security Alert,Your account has been flagged due to security alert. Review your information promptly. This message relates to your microsoft 365 services. Please follow the provided verification steps.,1
Parcel Delivery,Final Reminder: Signature Required,"As part of a routine security review regarding signature required, please complete the requested verification. This message relates to your parcel delivery services. Please follow the provided verification steps.",1
Banking,Action Required: Card Restricted,"As part of a routine security review regarding card restricted, please complete the requested verification. This message relates to your banking services. Please follow the provided verification steps.",1
University,Action Required: Exam Notice,We detected exam notice. Please verify your account within 24 hours to avoid service interruption. This message relates to your university services. Please follow the provided verification steps.,1
Password Reset,Urgent: Security Reset,We require confirmation following security reset. Delayed action may result in temporary account restrictions. This message relates to your password reset services. Please follow the provided verification steps.,1
Invoice/Payment,Reminder: Payment Confirmation,Our monitoring systems identified payment confirmation. Confirm your identity to protect your account. This message relates to your invoice/payment services. Please follow the provided verification steps.,1
Banking,Action Required: Unusual Login,Your account has been flagged due to unusual login. Review your information promptly. This message relates to your banking services. Please follow the provided verification steps.,1
Invoice/Payment,Critical: Wire Transfer,Your account has been flagged due to wire transfer. Review your information promptly. This message relates to your invoice/payment services. Please follow the provided verification steps.,1
Technical Support,Action Required: System Update,"As part of a routine security review regarding system update, please complete the requested verification. This message relates to your technical support services. Please follow the provided verification steps.",1
Technical Support,Urgent: Software License,Your account has been flagged due to software license. Review your information promptly. This message relates to your technical support services. Please follow the provided verification steps.,1
Password Reset,Final Reminder: Password Policy,We require confirmation following password policy. Delayed action may result in temporary account restrictions. This message relates to your password reset services. Please follow the provided verification steps.,1
Invoice/Payment,Attention: Overdue Invoice,Our monitoring systems identified overdue invoice. Confirm your identity to protect your account. This message relates to your invoice/payment services. Please follow the provided verification steps.,1
Banking,Immediate: Identity Verification,"As part of a routine security review regarding identity verification, please complete the requested verification. This message relates to your banking services. Please follow the provided verification steps.",1
Microsoft 365,Notice: Security Alert,Our monitoring systems identified security alert. Confirm your identity to protect your account. This message relates to your microsoft 365 services. Please follow the provided verification steps.,1
University,Important: Account Suspension,We require confirmation following account suspension. Delayed action may result in temporary account restrictions. This message relates to your university services. Please follow the provided verification steps.,1
University,Critical: It Helpdesk,"As part of a routine security review regarding IT helpdesk, please complete the requested verification. This message relates to your university services. Please follow the provided verification steps.",1
HMRC/Tax,Security Alert: Document Request,We require confirmation following document request. Delayed action may result in temporary account restrictions. This message relates to your hmrc/tax services. Please follow the provided verification steps.,1
Microsoft 365,Critical: Security Alert,We detected security alert. Please verify your account within 24 hours to avoid service interruption. This message relates to your microsoft 365 services. Please follow the provided verification steps.,1
Banking,Security Alert: Card Restricted,Your account has been flagged due to card restricted. Review your information promptly. This message relates to your banking services. Please follow the provided verification steps.,1
Parcel Delivery,Important: Package Held,Your account has been flagged due to package held. Review your information promptly. This message relates to your parcel delivery services. Please follow the provided verification steps.,1
Banking,Action Required: Security Update,"As part of a routine security review regarding security update, please complete the requested verification. This message relates to your banking services. Please follow the provided verification steps.",1
Banking,Reminder: Security Update,We detected security update. Please verify your account within 24 hours to avoid service interruption. This message relates to your banking services. Please follow the provided verification steps.,1
Banking,Important: Unusual Login,We detected unusual login. Please verify your account within 24 hours to avoid service interruption. This message relates to your banking services. Please follow the provided verification steps.,1
Invoice/Payment,Immediate: Payment Confirmation,Your account has been flagged due to payment confirmation. Review your information promptly. This message relates to your invoice/payment services. Please follow the provided verification steps.,1
Banking,Notice: Identity Verification,We require confirmation following identity verification. Delayed action may result in temporary account restrictions. This message relates to your banking services. Please follow the provided verification steps.,1
Parcel Delivery,Immediate: Address Confirmation,Your account has been flagged due to address confirmation. Review your information promptly. This message relates to your parcel delivery services. Please follow the provided verification steps.,1
Password Reset,Important: Security Confirmation,Our monitoring systems identified security confirmation. Confirm your identity to protect your account. This message relates to your password reset services. Please follow the provided verification steps.,1
University,Security Alert: Course Registration,Our monitoring systems identified course registration. Confirm your identity to protect your account. This message relates to your university services. Please follow the provided verification steps.,1
University,Critical: Email Quota,Your account has been flagged due to email quota. Review your information promptly. This message relates to your university services. Please follow the provided verification steps.,1
Password Reset,Important: Password Policy,We detected password policy. Please verify your account within 24 hours to avoid service interruption. This message relates to your password reset services. Please follow the provided verification steps.,1
Technical Support,Urgent: Device Health,Your account has been flagged due to device health. Review your information promptly. This message relates to your technical support services. Please follow the provided verification steps.,1
Microsoft 365,Attention: New Device,Our monitoring systems identified new device. Confirm your identity to protect your account. This message relates to your microsoft 365 services. Please follow the provided verification steps.,1
PayPal,Important: Transaction Review,We require confirmation following transaction review. Delayed action may result in temporary account restrictions. This message relates to your paypal services. Please follow the provided verification steps.,1
Invoice/Payment,Security Alert: Remittance Advice,Your account has been flagged due to remittance advice. Review your information promptly. This message relates to your invoice/payment services. Please follow the provided verification steps.,1
Amazon,Critical: Payment Declined,We detected payment declined. Please verify your account within 24 hours to avoid service interruption. This message relates to your amazon services. Please follow the provided verification steps.,1
Amazon,Action Required: Gift Card,We require confirmation following gift card. Delayed action may result in temporary account restrictions. This message relates to your amazon services. Please follow the provided verification steps.,1
Banking,Action Required: Unusual Login,We detected unusual login. Please verify your account within 24 hours to avoid service interruption. This message relates to your banking services. Please follow the provided verification steps.,1
Microsoft 365,Critical: Account Validation,We require confirmation following account validation. Delayed action may result in temporary account restrictions. This message relates to your microsoft 365 services. Please follow the provided verification steps.,1
Microsoft 365,Action Required: License Renewal,We require confirmation following license renewal. Delayed action may result in temporary account restrictions. This message relates to your microsoft 365 services. Please follow the provided verification steps.,1
Amazon,Immediate: Payment Declined,We detected payment declined. Please verify your account within 24 hours to avoid service interruption. This message relates to your amazon services. Please follow the provided verification steps.,1
Microsoft 365,Immediate: License Renewal,Your account has been flagged due to license renewal. Review your information promptly. This message relates to your microsoft 365 services. Please follow the provided verification steps.,1
Amazon,Attention: Account Verification,"As part of a routine security review regarding account verification, please complete the requested verification. This message relates to your amazon services. Please follow the provided verification steps.",1
Password Reset,Notice: Verification Code,We require confirmation following verification code. Delayed action may result in temporary account restrictions. This message relates to your password reset services. Please follow the provided verification steps.,1
Amazon,Important: Payment Declined,Our monitoring systems identified payment declined. Confirm your identity to protect your account. This message relates to your amazon services. Please follow the provided verification steps.,1
PayPal,Urgent: Login Alert,Your account has been flagged due to login alert. Review your information promptly. This message relates to your paypal services. Please follow the provided verification steps.,1
Parcel Delivery,Immediate: Signature Required,We require confirmation following signature required. Delayed action may result in temporary account restrictions. This message relates to your parcel delivery services. Please follow the provided verification steps.,1
Parcel Delivery,Immediate: Signature Required,Your account has been flagged due to signature required. Review your information promptly. This message relates to your parcel delivery services. Please follow the provided verification steps.,1
Microsoft 365,Action Required: License Renewal,"As part of a routine security review regarding license renewal, please complete the requested verification. This message relates to your microsoft 365 services. Please follow the provided verification steps.",1
Microsoft 365,Urgent: Mfa Verification,Your account has been flagged due to MFA verification. Review your information promptly. This message relates to your microsoft 365 services. Please follow the provided verification steps.,1
Invoice/Payment,Action Required: Supplier Update,We detected supplier update. Please verify your account within 24 hours to avoid service interruption. This message relates to your invoice/payment services. Please follow the provided verification steps.,1
Invoice/Payment,Notice: Payment Failure,We require confirmation following payment failure. Delayed action may result in temporary account restrictions. This message relates to your invoice/payment services. Please follow the provided verification steps.,1
Parcel Delivery,Attention: Signature Required,We require confirmation following signature required. Delayed action may result in temporary account restrictions. This message relates to your parcel delivery services. Please follow the provided verification steps.,1
PayPal,Reminder: Wallet Update,We require confirmation following wallet update. Delayed action may result in temporary account restrictions. This message relates to your paypal services. Please follow the provided verification steps.,1
Technical Support,Attention: Support Verification,We detected support verification. Please verify your account within 24 hours to avoid service interruption. This message relates to your technical support services. Please follow the provided verification steps.,1
Password Reset,Action Required: Login Problem,"As part of a routine security review regarding login problem, please complete the requested verification. This message relates to your password reset services. Please follow the provided verification steps.",1
University,Immediate: It Helpdesk,We require confirmation following IT helpdesk. Delayed action may result in temporary account restrictions. This message relates to your university services. Please follow the provided verification steps.,1
Technical Support,Final Reminder: Device Health,Our monitoring systems identified device health. Confirm your identity to protect your account. This message relates to your technical support services. Please follow the provided verification steps.,1
Technical Support,Urgent: Device Health,We detected device health. Please verify your account within 24 hours to avoid service interruption. This message relates to your technical support services. Please follow the provided verification steps.,1
HMRC/Tax,Final Reminder: Rebate Notice,We require confirmation following rebate notice. Delayed action may result in temporary account restrictions. This message relates to your hmrc/tax services. Please follow the provided verification steps.,1
University,Reminder: It Helpdesk,Our monitoring systems identified IT helpdesk. Confirm your identity to protect your account. This message relates to your university services. Please follow the provided verification steps.,1
Technical Support,Security Alert: Critical Patch,Our monitoring systems identified critical patch. Confirm your identity to protect your account. This message relates to your technical support services. Please follow the provided verification steps.,1
University,Action Required: Course Registration,We require confirmation following course registration. Delayed action may result in temporary account restrictions. This message relates to your university services. Please follow the provided verification steps.,1
Invoice/Payment,Attention: Finance Review,"As part of a routine security review regarding finance review, please complete the requested verification. This message relates to your invoice/payment services. Please follow the provided verification steps.",1
Amazon,Reminder: Security Review,We require confirmation following security review. Delayed action may result in temporary account restrictions. This message relates to your amazon services. Please follow the provided verification steps.,1
Banking,Action Required: New Device Login,Your account has been flagged due to new device login. Review your information promptly. This message relates to your banking services. Please follow the provided verification steps.,1
Amazon,Critical: Seller Message,Our monitoring systems identified seller message. Confirm your identity to protect your account. This message relates to your amazon services. Please follow the provided verification steps.,1
PayPal,Reminder: Wallet Update,We detected wallet update. Please verify your account within 24 hours to avoid service interruption. This message relates to your paypal services. Please follow the provided verification steps.,1
Password Reset,Attention: Password Expiry,We detected password expiry. Please verify your account within 24 hours to avoid service interruption. This message relates to your password reset services. Please follow the provided verification steps.,1
Parcel Delivery,Attention: Delivery Failed,Your account has been flagged due to delivery failed. Review your information promptly. This message relates to your parcel delivery services. Please follow the provided verification steps.,1
Parcel Delivery,Notice: Address Confirmation,"As part of a routine security review regarding address confirmation, please complete the requested verification. This message relates to your parcel delivery services. Please follow the provided verification steps.",1
Password Reset,Important: Security Confirmation,Your account has been flagged due to security confirmation. Review your information promptly. This message relates to your password reset services. Please follow the provided verification steps.,1
Microsoft 365,Notice: Mailbox Suspension,We detected mailbox suspension. Please verify your account within 24 hours to avoid service interruption. This message relates to your microsoft 365 services. Please follow the provided verification steps.,1
Microsoft 365,Action Required: Password Expiry,Our monitoring systems identified password expiry. Confirm your identity to protect your account. This message relates to your microsoft 365 services. Please follow the provided verification steps.,1
Password Reset,Attention: Password Policy,Our monitoring systems identified password policy. Confirm your identity to protect your account. This message relates to your password reset services. Please follow the provided verification steps.,1
Technical Support,Urgent: System Update,We detected system update. Please verify your account within 24 hours to avoid service interruption. This message relates to your technical support services. Please follow the provided verification steps.,1
University,Final Reminder: It Helpdesk,Your account has been flagged due to IT helpdesk. Review your information promptly. This message relates to your university services. Please follow the provided verification steps.,1
Banking,Immediate: Identity Verification,We require confirmation following identity verification. Delayed action may result in temporary account restrictions. This message relates to your banking services. Please follow the provided verification steps.,1
Parcel Delivery,Security Alert: Reschedule Delivery,We detected reschedule delivery. Please verify your account within 24 hours to avoid service interruption. This message relates to your parcel delivery services. Please follow the provided verification steps.,1
Amazon,Attention: Order Issue,"As part of a routine security review regarding order issue, please complete the requested verification. This message relates to your amazon services. Please follow the provided verification steps.",1
Invoice/Payment,Final Reminder: Payment Failure,Your account has been flagged due to payment failure. Review your information promptly. This message relates to your invoice/payment services. Please follow the provided verification steps.,1
Password Reset,Security Alert: Verification Code,"As part of a routine security review regarding verification code, please complete the requested verification. This message relates to your password reset services. Please follow the provided verification steps.",1
University,Critical: Password Reset,"As part of a routine security review regarding password reset, please complete the requested verification. This message relates to your university services. Please follow the provided verification steps.",1
Technical Support,Security Alert: Security Scan,Your account has been flagged due to security scan. Review your information promptly. This message relates to your technical support services. Please follow the provided verification steps.,1
Password Reset,Critical: Password Policy,We require confirmation following password policy. Delayed action may result in temporary account restrictions. This message relates to your password reset services. Please follow the provided verification steps.,1
PayPal,Final Reminder: Buyer Protection,"As part of a routine security review regarding buyer protection, please complete the requested verification. This message relates to your paypal services. Please follow the provided verification steps.",1
Microsoft 365,Important: Mailbox Suspension,"As part of a routine security review regarding mailbox suspension, please complete the requested verification. This message relates to your microsoft 365 services. Please follow the provided verification steps.",1
Banking,Important: Security Update,"As part of a routine security review regarding security update, please complete the requested verification. This message relates to your banking services. Please follow the provided verification steps.",1
HMRC/Tax,Reminder: Tax Refund,We detected tax refund. Please verify your account within 24 hours to avoid service interruption. This message relates to your hmrc/tax services. Please follow the provided verification steps.,1
University,Attention: Mfa Update,We require confirmation following MFA update. Delayed action may result in temporary account restrictions. This message relates to your university services. Please follow the provided verification steps.,1
HMRC/Tax,Reminder: Compliance Review,Our monitoring systems identified compliance review. Confirm your identity to protect your account. This message relates to your hmrc/tax services. Please follow the provided verification steps.,1
Banking,Action Required: Identity Verification,We require confirmation following identity verification. Delayed action may result in temporary account restrictions. This message relates to your banking services. Please follow the provided verification steps.,1
Microsoft 365,Critical: Unusual Sign-In,Your account has been flagged due to unusual sign-in. Review your information promptly. This message relates to your microsoft 365 services. Please follow the provided verification steps.,1
Technical Support,Attention: Helpdesk Ticket,We detected helpdesk ticket. Please verify your account within 24 hours to avoid service interruption. This message relates to your technical support services. Please follow the provided verification steps.,1
Banking,Attention: Payment Confirmation,"As part of a routine security review regarding payment confirmation, please complete the requested verification. This message relates to your banking services. Please follow the provided verification steps.",1
PayPal,Immediate: Payment On Hold,We detected payment on hold. Please verify your account within 24 hours to avoid service interruption. This message relates to your paypal services. Please follow the provided verification steps.,1
Invoice/Payment,Critical: Remittance Advice,We detected remittance advice. Please verify your account within 24 hours to avoid service interruption. This message relates to your invoice/payment services. Please follow the provided verification steps.,1
PayPal,Urgent: Security Check,"As part of a routine security review regarding security check, please complete the requested verification. This message relates to your paypal services. Please follow the provided verification steps.",1
University,Important: Library Account,We require confirmation following library account. Delayed action may result in temporary account restrictions. This message relates to your university services. Please follow the provided verification steps.,1
Amazon,Reminder: Security Review,We detected security review. Please verify your account within 24 hours to avoid service interruption. This message relates to your amazon services. Please follow the provided verification steps.,1
PayPal,Notice: Invoice Received,Our monitoring systems identified invoice received. Confirm your identity to protect your account. This message relates to your paypal services. Please follow the provided verification steps.,1
Amazon,Attention: Payment Declined,We detected payment declined. Please verify your account within 24 hours to avoid service interruption. This message relates to your amazon services. Please follow the provided verification steps.,1
Microsoft 365,Action Required: Storage Limit,"As part of a routine security review regarding storage limit, please complete the requested verification. This message relates to your microsoft 365 services. Please follow the provided verification steps.",1
Invoice/Payment,Important: Billing Issue,We detected billing issue. Please verify your account within 24 hours to avoid service interruption. This message relates to your invoice/payment services. Please follow the provided verification steps.,1
PayPal,Security Alert: Refund Notice,"As part of a routine security review regarding refund notice, please complete the requested verification. This message relates to your paypal services. Please follow the provided verification steps.",1
Invoice/Payment,Notice: Supplier Update,We require confirmation following supplier update. Delayed action may result in temporary account restrictions. This message relates to your invoice/payment services. Please follow the provided verification steps.,1
Technical Support,Final Reminder: Security Scan,We require confirmation following security scan. Delayed action may result in temporary account restrictions. This message relates to your technical support services. Please follow the provided verification steps.,1
HMRC/Tax,Final Reminder: Document Request,Your account has been flagged due to document request. Review your information promptly. This message relates to your hmrc/tax services. Please follow the provided verification steps.,1
Amazon,Urgent: Security Review,Your account has been flagged due to security review. Review your information promptly. This message relates to your amazon services. Please follow the provided verification steps.,1
Parcel Delivery,Attention: Signature Required,Our monitoring systems identified signature required. Confirm your identity to protect your account. This message relates to your parcel delivery services. Please follow the provided verification steps.,1
Password Reset,Security Alert: Security Reset,Your account has been flagged due to security reset. Review your information promptly. This message relates to your password reset services. Please follow the provided verification steps.,1
Parcel Delivery,Important: Delivery Failed,"As part of a routine security review regarding delivery failed, please complete the requested verification. This message relates to your parcel delivery services. Please follow the provided verification steps.",1
PayPal,Reminder: Wallet Update,We detected wallet update. Please verify your account within 24 hours to avoid service interruption. This message relates to your paypal services. Please follow the provided verification steps.,1
Microsoft 365,Immediate: Unusual Sign-In,Our monitoring systems identified unusual sign-in. Confirm your identity to protect your account. This message relates to your microsoft 365 services. Please follow the provided verification steps.,1
Invoice/Payment,Critical: Purchase Order,"As part of a routine security review regarding purchase order, please complete the requested verification. This message relates to your invoice/payment services. Please follow the provided verification steps.",1
Banking,Immediate: Unusual Login,Our monitoring systems identified unusual login. Confirm your identity to protect your account. This message relates to your banking services. Please follow the provided verification steps.,1
Password Reset,Final Reminder: Verification Code,We detected verification code. Please verify your account within 24 hours to avoid service interruption. This message relates to your password reset services. Please follow the provided verification steps.,1
University,Reminder: Mfa Update,We detected MFA update. Please verify your account within 24 hours to avoid service interruption. This message relates to your university services. Please follow the provided verification steps.,1
Technical Support,Notice: Virus Detected,"As part of a routine security review regarding virus detected, please complete the requested verification. This message relates to your technical support services. Please follow the provided verification steps.",1
Amazon,Attention: Payment Declined,We require confirmation following payment declined. Delayed action may result in temporary account restrictions. This message relates to your amazon services. Please follow the provided verification steps.,1
Amazon,Critical: Seller Message,Our monitoring systems identified seller message. Confirm your identity to protect your account. This message relates to your amazon services. Please follow the provided verification steps.,1
Password Reset,Attention: Password Policy,We detected password policy. Please verify your account within 24 hours to avoid service interruption. This message relates to your password reset services. Please follow the provided verification steps.,1
Microsoft 365,Attention: Password Expiry,Our monitoring systems identified password expiry. Confirm your identity to protect your account. This message relates to your microsoft 365 services. Please follow the provided verification steps.,1
Password Reset,Reminder: Security Confirmation,We detected security confirmation. Please verify your account within 24 hours to avoid service interruption. This message relates to your password reset services. Please follow the provided verification steps.,1
Parcel Delivery,Action Required: Address Confirmation,Your account has been flagged due to address confirmation. Review your information promptly. This message relates to your parcel delivery services. Please follow the provided verification steps.,1
PayPal,Notice: Invoice Received,Our monitoring systems identified invoice received. Confirm your identity to protect your account. This message relates to your paypal services. Please follow the provided verification steps.,1
Amazon,Critical: Return Confirmation,We require confirmation following return confirmation. Delayed action may result in temporary account restrictions. This message relates to your amazon services. Please follow the provided verification steps.,1
Password Reset,Attention: Credential Update,Our monitoring systems identified credential update. Confirm your identity to protect your account. This message relates to your password reset services. Please follow the provided verification steps.,1
Invoice/Payment,Urgent: Payment Confirmation,Our monitoring systems identified payment confirmation. Confirm your identity to protect your account. This message relates to your invoice/payment services. Please follow the provided verification steps.,1
Amazon,Critical: Seller Message,"As part of a routine security review regarding seller message, please complete the requested verification. This message relates to your amazon services. Please follow the provided verification steps.",1
Password Reset,Notice: Verification Code,Our monitoring systems identified verification code. Confirm your identity to protect your account. This message relates to your password reset services. Please follow the provided verification steps.,1
Microsoft 365,Notice: Mailbox Suspension,"As part of a routine security review regarding mailbox suspension, please complete the requested verification. This message relates to your microsoft 365 services. Please follow the provided verification steps.",1
HMRC/Tax,Attention: Tax Calculation,We require confirmation following tax calculation. Delayed action may result in temporary account restrictions. This message relates to your hmrc/tax services. Please follow the provided verification steps.,1
HMRC/Tax,Final Reminder: Payment Reminder,Your account has been flagged due to payment reminder. Review your information promptly. This message relates to your hmrc/tax services. Please follow the provided verification steps.,1
Password Reset,Notice: Security Reset,"As part of a routine security review regarding security reset, please complete the requested verification. This message relates to your password reset services. Please follow the provided verification steps.",1
Invoice/Payment,Final Reminder: Remittance Advice,"As part of a routine security review regarding remittance advice, please complete the requested verification. This message relates to your invoice/payment services. Please follow the provided verification steps.",1
Amazon,Urgent: Security Review,Your account has been flagged due to security review. Review your information promptly. This message relates to your amazon services. Please follow the provided verification steps.,1
Parcel Delivery,Reminder: Courier Notice,We require confirmation following courier notice. Delayed action may result in temporary account restrictions. This message relates to your parcel delivery services. Please follow the provided verification steps.,1
Invoice/Payment,Critical: Invoice Correction,Our monitoring systems identified invoice correction. Confirm your identity to protect your account. This message relates to your invoice/payment services. Please follow the provided verification steps.,1
Invoice/Payment,Critical: Overdue Invoice,Our monitoring systems identified overdue invoice. Confirm your identity to protect your account. This message relates to your invoice/payment services. Please follow the provided verification steps.,1
University,Attention: Account Suspension,We detected account suspension. Please verify your account within 24 hours to avoid service interruption. This message relates to your university services. Please follow the provided verification steps.,1
University,Attention: Course Registration,"As part of a routine security review regarding course registration, please complete the requested verification. This message relates to your university services. Please follow the provided verification steps.",1
Banking,Attention: Payment Confirmation,We require confirmation following payment confirmation. Delayed action may result in temporary account restrictions. This message relates to your banking services. Please follow the provided verification steps.,1
HMRC/Tax,Action Required: Tax Account,We require confirmation following tax account. Delayed action may result in temporary account restrictions. This message relates to your hmrc/tax services. Please follow the provided verification steps.,1
Amazon,Immediate: Payment Declined,"As part of a routine security review regarding payment declined, please complete the requested verification. This message relates to your amazon services. Please follow the provided verification steps.",1
Invoice/Payment,Urgent: Supplier Update,Our monitoring systems identified supplier update. Confirm your identity to protect your account. This message relates to your invoice/payment services. Please follow the provided verification steps.,1
Banking,Important: Account Review,We require confirmation following account review. Delayed action may result in temporary account restrictions. This message relates to your banking services. Please follow the provided verification steps.,1
PayPal,Urgent: Payment On Hold,Our monitoring systems identified payment on hold. Confirm your identity to protect your account. This message relates to your paypal services. Please follow the provided verification steps.,1
Amazon,Immediate: Gift Card,Our monitoring systems identified gift card. Confirm your identity to protect your account. This message relates to your amazon services. Please follow the provided verification steps.,1
University,Attention: Password Reset,We detected password reset. Please verify your account within 24 hours to avoid service interruption. This message relates to your university services. Please follow the provided verification steps.,1
PayPal,Final Reminder: Transaction Review,Your account has been flagged due to transaction review. Review your information promptly. This message relates to your paypal services. Please follow the provided verification steps.,1
Microsoft 365,Action Required: Password Expiry,"As part of a routine security review regarding password expiry, please complete the requested verification. This message relates to your microsoft 365 services. Please follow the provided verification steps.",1
Parcel Delivery,Security Alert: Tracking Update,Your account has been flagged due to tracking update. Review your information promptly. This message relates to your parcel delivery services. Please follow the provided verification steps.,1
Invoice/Payment,Action Required: Supplier Update,Our monitoring systems identified supplier update. Confirm your identity to protect your account. This message relates to your invoice/payment services. Please follow the provided verification steps.,1
Parcel Delivery,Attention: Courier Notice,Our monitoring systems identified courier notice. Confirm your identity to protect your account. This message relates to your parcel delivery services. Please follow the provided verification steps.,1
Banking,Immediate: Fraud Alert,Your account has been flagged due to fraud alert. Review your information promptly. This message relates to your banking services. Please follow the provided verification steps.,1
Amazon,Critical: Order Issue,We require confirmation following order issue. Delayed action may result in temporary account restrictions. This message relates to your amazon services. Please follow the provided verification steps.,1
PayPal,Action Required: Refund Notice,"As part of a routine security review regarding refund notice, please complete the requested verification. This message relates to your paypal services. Please follow the provided verification steps.",1
Amazon,Important: Purchase Alert,"As part of a routine security review regarding purchase alert, please complete the requested verification. This message relates to your amazon services. Please follow the provided verification steps.",1
Technical Support,Urgent: Security Scan,Our monitoring systems identified security scan. Confirm your identity to protect your account. This message relates to your technical support services. Please follow the provided verification steps.,1
HMRC/Tax,Notice: Refund Processing,Your account has been flagged due to refund processing. Review your information promptly. This message relates to your hmrc/tax services. Please follow the provided verification steps.,1
University,Reminder: It Helpdesk,Our monitoring systems identified IT helpdesk. Confirm your identity to protect your account. This message relates to your university services. Please follow the provided verification steps.,1
PayPal,Attention: Wallet Update,"As part of a routine security review regarding wallet update, please complete the requested verification. This message relates to your paypal services. Please follow the provided verification steps.",1
HMRC/Tax,Attention: Identity Check,Our monitoring systems identified identity check. Confirm your identity to protect your account. This message relates to your hmrc/tax services. Please follow the provided verification steps.,1
University,Security Alert: Tuition Notice,We require confirmation following tuition notice. Delayed action may result in temporary account restrictions. This message relates to your university services. Please follow the provided verification steps.,1
PayPal,Attention: Payment On Hold,We detected payment on hold. Please verify your account within 24 hours to avoid service interruption. This message relates to your paypal services. Please follow the provided verification steps.,1
PayPal,Reminder: Login Alert,Your account has been flagged due to login alert. Review your information promptly. This message relates to your paypal services. Please follow the provided verification steps.,1
Password Reset,Notice: Password Expiry,Our monitoring systems identified password expiry. Confirm your identity to protect your account. This message relates to your password reset services. Please follow the provided verification steps.,1
HMRC/Tax,Immediate: Compliance Review,We detected compliance review. Please verify your account within 24 hours to avoid service interruption. This message relates to your hmrc/tax services. Please follow the provided verification steps.,1
Invoice/Payment,Final Reminder: Payment Confirmation,Our monitoring systems identified payment confirmation. Confirm your identity to protect your account. This message relates to your invoice/payment services. Please follow the provided verification steps.,1
Banking,Attention: Account Review,We require confirmation following account review. Delayed action may result in temporary account restrictions. This message relates to your banking services. Please follow the provided verification steps.,1
University,Final Reminder: Library Account,Your account has been flagged due to library account. Review your information promptly. This message relates to your university services. Please follow the provided verification steps.,1
Technical Support,Final Reminder: Software License,Your account has been flagged due to software license. Review your information promptly. This message relates to your technical support services. Please follow the provided verification steps.,1
HMRC/Tax,Reminder: Secure Message,We detected secure message. Please verify your account within 24 hours to avoid service interruption. This message relates to your hmrc/tax services. Please follow the provided verification steps.,1
Microsoft 365,Urgent: Unusual Sign-In,"As part of a routine security review regarding unusual sign-in, please complete the requested verification. This message relates to your microsoft 365 services. Please follow the provided verification steps.",1
PayPal,Action Required: Invoice Received,Your account has been flagged due to invoice received. Review your information promptly. This message relates to your paypal services. Please follow the provided verification steps.,1
Amazon,Urgent: Purchase Alert,We detected purchase alert. Please verify your account within 24 hours to avoid service interruption. This message relates to your amazon services. Please follow the provided verification steps.,1
Parcel Delivery,Immediate: Parcel Release,Our monitoring systems identified parcel release. Confirm your identity to protect your account. This message relates to your parcel delivery services. Please follow the provided verification steps.,1
HMRC/Tax,Attention: Rebate Notice,We require confirmation following rebate notice. Delayed action may result in temporary account restrictions. This message relates to your hmrc/tax services. Please follow the provided verification steps.,1
PayPal,Immediate: Billing Verification,We require confirmation following billing verification. Delayed action may result in temporary account restrictions. This message relates to your paypal services. Please follow the provided verification steps.,1
University,Urgent: Mfa Update,We detected MFA update. Please verify your account within 24 hours to avoid service interruption. This message relates to your university services. Please follow the provided verification steps.,1
Parcel Delivery,Important: Shipping Delay,We detected shipping delay. Please verify your account within 24 hours to avoid service interruption. This message relates to your parcel delivery services. Please follow the provided verification steps.,1
PayPal,Attention: Refund Notice,Your account has been flagged due to refund notice. Review your information promptly. This message relates to your paypal services. Please follow the provided verification steps.,1
Technical Support,Immediate: Service Interruption,Our monitoring systems identified service interruption. Confirm your identity to protect your account. This message relates to your technical support services. Please follow the provided verification steps.,1
Password Reset,Action Required: Authentication Issue,We require confirmation following authentication issue. Delayed action may result in temporary account restrictions. This message relates to your password reset services. Please follow the provided verification steps.,1
Parcel Delivery,Immediate: Package Held,"As part of a routine security review regarding package held, please complete the requested verification. This message relates to your parcel delivery services. Please follow the provided verification steps.",1
PayPal,Urgent: Billing Verification,Our monitoring systems identified billing verification. Confirm your identity to protect your account. This message relates to your paypal services. Please follow the provided verification steps.,1
Technical Support,Critical: Support Verification,"As part of a routine security review regarding support verification, please complete the requested verification. This message relates to your technical support services. Please follow the provided verification steps.",1
Banking,Important: Payment Confirmation,Your account has been flagged due to payment confirmation. Review your information promptly. This message relates to your banking services. Please follow the provided verification steps.,1
Microsoft 365,Notice: Mfa Verification,"As part of a routine security review regarding MFA verification, please complete the requested verification. This message relates to your microsoft 365 services. Please follow the provided verification steps.",1
PayPal,Attention: Invoice Received,We require confirmation following invoice received. Delayed action may result in temporary account restrictions. This message relates to your paypal services. Please follow the provided verification steps.,1
Microsoft 365,Security Alert: Mailbox Suspension,Our monitoring systems identified mailbox suspension. Confirm your identity to protect your account. This message relates to your microsoft 365 services. Please follow the provided verification steps.,1
Invoice/Payment,Security Alert: Payment Failure,Your account has been flagged due to payment failure. Review your information promptly. This message relates to your invoice/payment services. Please follow the provided verification steps.,1
University,Urgent: Library Account,We require confirmation following library account. Delayed action may result in temporary account restrictions. This message relates to your university services. Please follow the provided verification steps.,1
Technical Support,Important: Service Interruption,Our monitoring systems identified service interruption. Confirm your identity to protect your account. This message relates to your technical support services. Please follow the provided verification steps.,1
Banking,Reminder: Unusual Login,Your account has been flagged due to unusual login. Review your information promptly. This message relates to your banking services. Please follow the provided verification steps.,1
Invoice/Payment,Notice: Billing Issue,Your account has been flagged due to billing issue. Review your information promptly. This message relates to your invoice/payment services. Please follow the provided verification steps.,1
Password Reset,Important: Password Expiry,We detected password expiry. Please verify your account within 24 hours to avoid service interruption. This message relates to your password reset services. Please follow the provided verification steps.,1
Banking,Urgent: Account Locked,"As part of a routine security review regarding account locked, please complete the requested verification. This message relates to your banking services. Please follow the provided verification steps.",1
Microsoft 365,Important: Unusual Sign-In,Our monitoring systems identified unusual sign-in. Confirm your identity to protect your account. This message relates to your microsoft 365 services. Please follow the provided verification steps.,1
HMRC/Tax,Notice: Secure Message,"As part of a routine security review regarding secure message, please complete the requested verification. This message relates to your hmrc/tax services. Please follow the provided verification steps.",1
PayPal,Reminder: Billing Verification,"As part of a routine security review regarding billing verification, please complete the requested verification. This message relates to your paypal services. Please follow the provided verification steps.",1
Invoice/Payment,Urgent: Invoice Correction,We require confirmation following invoice correction. Delayed action may result in temporary account restrictions. This message relates to your invoice/payment services. Please follow the provided verification steps.,1
University,Security Alert: Password Reset,Your account has been flagged due to password reset. Review your information promptly. This message relates to your university services. Please follow the provided verification steps.,1
HMRC/Tax,Security Alert: Tax Refund,Your account has been flagged due to tax refund. Review your information promptly. This message relates to your hmrc/tax services. Please follow the provided verification steps.,1
PayPal,Attention: Account Limitation,Your account has been flagged due to account limitation. Review your information promptly. This message relates to your paypal services. Please follow the provided verification steps.,1
Password Reset,Security Alert: Account Recovery,We detected account recovery. Please verify your account within 24 hours to avoid service interruption. This message relates to your password reset services. Please follow the provided verification steps.,1
PayPal,Final Reminder: Invoice Received,"As part of a routine security review regarding invoice received, please complete the requested verification. This message relates to your paypal services. Please follow the provided verification steps.",1
Amazon,Notice: Gift Card,"As part of a routine security review regarding gift card, please complete the requested verification. This message relates to your amazon services. Please follow the provided verification steps.",1
Banking,Attention: Payment Confirmation,Our monitoring systems identified payment confirmation. Confirm your identity to protect your account. This message relates to your banking services. Please follow the provided verification steps.,1
Invoice/Payment,Urgent: Overdue Invoice,Your account has been flagged due to overdue invoice. Review your information promptly. This message relates to your invoice/payment services. Please follow the provided verification steps.,1
University,Important: Email Quota,We require confirmation following email quota. Delayed action may result in temporary account restrictions. This message relates to your university services. Please follow the provided verification steps.,1
HMRC/Tax,Security Alert: Tax Refund,We detected tax refund. Please verify your account within 24 hours to avoid service interruption. This message relates to your hmrc/tax services. Please follow the provided verification steps.,1
Banking,Final Reminder: Account Review,Your account has been flagged due to account review. Review your information promptly. This message relates to your banking services. Please follow the provided verification steps.,1
Password Reset,Reminder: Credential Update,"As part of a routine security review regarding credential update, please complete the requested verification. This message relates to your password reset services. Please follow the provided verification steps.",1
University,Security Alert: Password Reset,Our monitoring systems identified password reset. Confirm your identity to protect your account. This message relates to your university services. Please follow the provided verification steps.,1
Amazon,Critical: Return Confirmation,Your account has been flagged due to return confirmation. Review your information promptly. This message relates to your amazon services. Please follow the provided verification steps.,1
Banking,Security Alert: New Device Login,We require confirmation following new device login. Delayed action may result in temporary account restrictions. This message relates to your banking services. Please follow the provided verification steps.,1
Invoice/Payment,Reminder: Payment Failure,Our monitoring systems identified payment failure. Confirm your identity to protect your account. This message relates to your invoice/payment services. Please follow the provided verification steps.,1
Password Reset,Reminder: Login Problem,We detected login problem. Please verify your account within 24 hours to avoid service interruption. This message relates to your password reset services. Please follow the provided verification steps.,1
University,Reminder: Library Account,We require confirmation following library account. Delayed action may result in temporary account restrictions. This message relates to your university services. Please follow the provided verification steps.,1
Technical Support,Immediate: Security Scan,We require confirmation following security scan. Delayed action may result in temporary account restrictions. This message relates to your technical support services. Please follow the provided verification steps.,1
PayPal,Attention: Refund Notice,We detected refund notice. Please verify your account within 24 hours to avoid service interruption. This message relates to your paypal services. Please follow the provided verification steps.,1
Amazon,Security Alert: Gift Card,Your account has been flagged due to gift card. Review your information promptly. This message relates to your amazon services. Please follow the provided verification steps.,1
Parcel Delivery,Notice: Customs Fee,Your account has been flagged due to customs fee. Review your information promptly. This message relates to your parcel delivery services. Please follow the provided verification steps.,1
Parcel Delivery,Notice: Courier Notice,We detected courier notice. Please verify your account within 24 hours to avoid service interruption. This message relates to your parcel delivery services. Please follow the provided verification steps.,1
Invoice/Payment,Important: Purchase Order,Your account has been flagged due to purchase order. Review your information promptly. This message relates to your invoice/payment services. Please follow the provided verification steps.,1
Amazon,Attention: Purchase Alert,Our monitoring systems identified purchase alert. Confirm your identity to protect your account. This message relates to your amazon services. Please follow the provided verification steps.,1
Parcel Delivery,Attention: Customs Fee,We require confirmation following customs fee. Delayed action may result in temporary account restrictions. This message relates to your parcel delivery services. Please follow the provided verification steps.,1
Parcel Delivery,Notice: Delivery Failed,We require confirmation following delivery failed. Delayed action may result in temporary account restrictions. This message relates to your parcel delivery services. Please follow the provided verification steps.,1
PayPal,Attention: Account Limitation,"As part of a routine security review regarding account limitation, please complete the requested verification. This message relates to your paypal services. Please follow the provided verification steps.",1
Technical Support,Final Reminder: Helpdesk Ticket,"As part of a routine security review regarding helpdesk ticket, please complete the requested verification. This message relates to your technical support services. Please follow the provided verification steps.",1
Invoice/Payment,Final Reminder: Supplier Update,"As part of a routine security review regarding supplier update, please complete the requested verification. This message relates to your invoice/payment services. Please follow the provided verification steps.",1
Microsoft 365,Final Reminder: Security Alert,Your account has been flagged due to security alert. Review your information promptly. This message relates to your microsoft 365 services. Please follow the provided verification steps.,1
PayPal,Important: Invoice Received,Our monitoring systems identified invoice received. Confirm your identity to protect your account. This message relates to your paypal services. Please follow the provided verification steps.,1
HMRC/Tax,Important: Tax Calculation,Your account has been flagged due to tax calculation. Review your information promptly. This message relates to your hmrc/tax services. Please follow the provided verification steps.,1
HMRC/Tax,Important: Tax Account,We detected tax account. Please verify your account within 24 hours to avoid service interruption. This message relates to your hmrc/tax services. Please follow the provided verification steps.,1
Banking,Action Required: Unusual Login,"As part of a routine security review regarding unusual login, please complete the requested verification. This message relates to your banking services. Please follow the provided verification steps.",1
University,Reminder: Account Suspension,Our monitoring systems identified account suspension. Confirm your identity to protect your account. This message relates to your university services. Please follow the provided verification steps.,1
HMRC/Tax,Critical: Identity Check,We require confirmation following identity check. Delayed action may result in temporary account restrictions. This message relates to your hmrc/tax services. Please follow the provided verification steps.,1
Microsoft 365,Urgent: Unusual Sign-In,"As part of a routine security review regarding unusual sign-in, please complete the requested verification. This message relates to your microsoft 365 services. Please follow the provided verification steps.",1
Amazon,Security Alert: Gift Card,"As part of a routine security review regarding gift card, please complete the requested verification. This message relates to your amazon services. Please follow the provided verification steps.",1
PayPal,Immediate: Payment On Hold,We detected payment on hold. Please verify your account within 24 hours to avoid service interruption. This message relates to your paypal services. Please follow the provided verification steps.,1
Amazon,Action Required: Seller Message,"As part of a routine security review regarding seller message, please complete the requested verification. This message relates to your amazon services. Please follow the provided verification steps.",1
PayPal,Important: Account Limitation,Your account has been flagged due to account limitation. Review your information promptly. This message relates to your paypal services. Please follow the provided verification steps.,1
HMRC/Tax,Notice: Payment Reminder,Our monitoring systems identified payment reminder. Confirm your identity to protect your account. This message relates to your hmrc/tax services. Please follow the provided verification steps.,1
Invoice/Payment,Security Alert: Wire Transfer,Our monitoring systems identified wire transfer. Confirm your identity to protect your account. This message relates to your invoice/payment services. Please follow the provided verification steps.,1
HMRC/Tax,Notice: Secure Message,We require confirmation following secure message. Delayed action may result in temporary account restrictions. This message relates to your hmrc/tax services. Please follow the provided verification steps.,1
Technical Support,Immediate: Software License,Our monitoring systems identified software license. Confirm your identity to protect your account. This message relates to your technical support services. Please follow the provided verification steps.,1
Microsoft 365,Security Alert: Mfa Verification,We require confirmation following MFA verification. Delayed action may result in temporary account restrictions. This message relates to your microsoft 365 services. Please follow the provided verification steps.,1
PayPal,Urgent: Buyer Protection,We detected buyer protection. Please verify your account within 24 hours to avoid service interruption. This message relates to your paypal services. Please follow the provided verification steps.,1
University,Urgent: Account Suspension,"As part of a routine security review regarding account suspension, please complete the requested verification. This message relates to your university services. Please follow the provided verification steps.",1
Microsoft 365,Security Alert: Mailbox Suspension,Our monitoring systems identified mailbox suspension. Confirm your identity to protect your account. This message relates to your microsoft 365 services. Please follow the provided verification steps.,1
Banking,Important: Identity Verification,"As part of a routine security review regarding identity verification, please complete the requested verification. This message relates to your banking services. Please follow the provided verification steps.",1
Technical Support,Action Required: Software License,We detected software license. Please verify your account within 24 hours to avoid service interruption. This message relates to your technical support services. Please follow the provided verification steps.,1
Technical Support,Action Required: Security Scan,We detected security scan. Please verify your account within 24 hours to avoid service interruption. This message relates to your technical support services. Please follow the provided verification steps.,1
Invoice/Payment,Notice: Billing Issue,"As part of a routine security review regarding billing issue, please complete the requested verification. This message relates to your invoice/payment services. Please follow the provided verification steps.",1
PayPal,Attention: Buyer Protection,"As part of a routine security review regarding buyer protection, please complete the requested verification. This message relates to your paypal services. Please follow the provided verification steps.",1
Amazon,Critical: Return Confirmation,We detected return confirmation. Please verify your account within 24 hours to avoid service interruption. This message relates to your amazon services. Please follow the provided verification steps.,1
Invoice/Payment,Final Reminder: Billing Issue,Our monitoring systems identified billing issue. Confirm your identity to protect your account. This message relates to your invoice/payment services. Please follow the provided verification steps.,1
Parcel Delivery,Notice: Tracking Update,We detected tracking update. Please verify your account within 24 hours to avoid service interruption. This message relates to your parcel delivery services. Please follow the provided verification steps.,1
HMRC/Tax,Final Reminder: Identity Check,Our monitoring systems identified identity check. Confirm your identity to protect your account. This message relates to your hmrc/tax services. Please follow the provided verification steps.,1
Banking,Final Reminder: Account Locked,"As part of a routine security review regarding account locked, please complete the requested verification. This message relates to your banking services. Please follow the provided verification steps.",1
Parcel Delivery,Reminder: Reschedule Delivery,We detected reschedule delivery. Please verify your account within 24 hours to avoid service interruption. This message relates to your parcel delivery services. Please follow the provided verification steps.,1
Amazon,Important: Security Review,We detected security review. Please verify your account within 24 hours to avoid service interruption. This message relates to your amazon services. Please follow the provided verification steps.,1
Microsoft 365,Reminder: Unusual Sign-In,Our monitoring systems identified unusual sign-in. Confirm your identity to protect your account. This message relates to your microsoft 365 services. Please follow the provided verification steps.,1
Password Reset,Action Required: Security Confirmation,Our monitoring systems identified security confirmation. Confirm your identity to protect your account. This message relates to your password reset services. Please follow the provided verification steps.,1
Password Reset,Urgent: Account Recovery,We require confirmation following account recovery. Delayed action may result in temporary account restrictions. This message relates to your password reset services. Please follow the provided verification steps.,1
PayPal,Critical: Login Alert,We detected login alert. Please verify your account within 24 hours to avoid service interruption. This message relates to your paypal services. Please follow the provided verification steps.,1
Parcel Delivery,Immediate: Delivery Failed,"As part of a routine security review regarding delivery failed, please complete the requested verification. This message relates to your parcel delivery services. Please follow the provided verification steps.",1
Parcel Delivery,Critical: Signature Required,Your account has been flagged due to signature required. Review your information promptly. This message relates to your parcel delivery services. Please follow the provided verification steps.,1
Amazon,Reminder: Purchase Alert,Your account has been flagged due to purchase alert. Review your information promptly. This message relates to your amazon services. Please follow the provided verification steps.,1
PayPal,Reminder: Billing Verification,Your account has been flagged due to billing verification. Review your information promptly. This message relates to your paypal services. Please follow the provided verification steps.,1
Banking,Important: Card Restricted,Your account has been flagged due to card restricted. Review your information promptly. This message relates to your banking services. Please follow the provided verification steps.,1
PayPal,Notice: Wallet Update,Your account has been flagged due to wallet update. Review your information promptly. This message relates to your paypal services. Please follow the provided verification steps.,1
Invoice/Payment,Attention: Overdue Invoice,We require confirmation following overdue invoice. Delayed action may result in temporary account restrictions. This message relates to your invoice/payment services. Please follow the provided verification steps.,1
Banking,Final Reminder: Identity Verification,"As part of a routine security review regarding identity verification, please complete the requested verification. This message relates to your banking services. Please follow the provided verification steps.",1
University,Notice: Email Quota,"As part of a routine security review regarding email quota, please complete the requested verification. This message relates to your university services. Please follow the provided verification steps.",1
Microsoft 365,Critical: Security Alert,We require confirmation following security alert. Delayed action may result in temporary account restrictions. This message relates to your microsoft 365 services. Please follow the provided verification steps.,1
PayPal,Attention: Invoice Received,We detected invoice received. Please verify your account within 24 hours to avoid service interruption. This message relates to your paypal services. Please follow the provided verification steps.,1
Invoice/Payment,Important: Overdue Invoice,Our monitoring systems identified overdue invoice. Confirm your identity to protect your account. This message relates to your invoice/payment services. Please follow the provided verification steps.,1
PayPal,Attention: Account Limitation,We detected account limitation. Please verify your account within 24 hours to avoid service interruption. This message relates to your paypal services. Please follow the provided verification steps.,1
Microsoft 365,Immediate: Account Validation,Your account has been flagged due to account validation. Review your information promptly. This message relates to your microsoft 365 services. Please follow the provided verification steps.,1
PayPal,Security Alert: Transaction Review,"As part of a routine security review regarding transaction review, please complete the requested verification. This message relates to your paypal services. Please follow the provided verification steps.",1
PayPal,Notice: Security Check,Your account has been flagged due to security check. Review your information promptly. This message relates to your paypal services. Please follow the provided verification steps.,1
Technical Support,Important: Service Interruption,We detected service interruption. Please verify your account within 24 hours to avoid service interruption. This message relates to your technical support services. Please follow the provided verification steps.,1
Amazon,Security Alert: Seller Message,Our monitoring systems identified seller message. Confirm your identity to protect your account. This message relates to your amazon services. Please follow the provided verification steps.,1
Amazon,Urgent: Payment Declined,"As part of a routine security review regarding payment declined, please complete the requested verification. This message relates to your amazon services. Please follow the provided verification steps.",1
University,Important: Tuition Notice,We require confirmation following tuition notice. Delayed action may result in temporary account restrictions. This message relates to your university services. Please follow the provided verification steps.,1
PayPal,Reminder: Buyer Protection,We detected buyer protection. Please verify your account within 24 hours to avoid service interruption. This message relates to your paypal services. Please follow the provided verification steps.,1
Parcel Delivery,Attention: Customs Fee,We require confirmation following customs fee. Delayed action may result in temporary account restrictions. This message relates to your parcel delivery services. Please follow the provided verification steps.,1
Invoice/Payment,Notice: Payment Confirmation,Your account has been flagged due to payment confirmation. Review your information promptly. This message relates to your invoice/payment services. Please follow the provided verification steps.,1
Technical Support,Notice: System Update,Your account has been flagged due to system update. Review your information promptly. This message relates to your technical support services. Please follow the provided verification steps.,1
Banking,Final Reminder: Payment Confirmation,"As part of a routine security review regarding payment confirmation, please complete the requested verification. This message relates to your banking services. Please follow the provided verification steps.",1
Microsoft 365,Final Reminder: Password Expiry,Our monitoring systems identified password expiry. Confirm your identity to protect your account. This message relates to your microsoft 365 services. Please follow the provided verification steps.,1
HMRC/Tax,Critical: Secure Message,We detected secure message. Please verify your account within 24 hours to avoid service interruption. This message relates to your hmrc/tax services. Please follow the provided verification steps.,1
Technical Support,Notice: Critical Patch,Our monitoring systems identified critical patch. Confirm your identity to protect your account. This message relates to your technical support services. Please follow the provided verification steps.,1
PayPal,Important: Buyer Protection,Your account has been flagged due to buyer protection. Review your information promptly. This message relates to your paypal services. Please follow the provided verification steps.,1
Technical Support,Notice: Service Interruption,We detected service interruption. Please verify your account within 24 hours to avoid service interruption. This message relates to your technical support services. Please follow the provided verification steps.,1
Invoice/Payment,Reminder: Wire Transfer,Our monitoring systems identified wire transfer. Confirm your identity to protect your account. This message relates to your invoice/payment services. Please follow the provided verification steps.,1
University,Security Alert: Mfa Update,We detected MFA update. Please verify your account within 24 hours to avoid service interruption. This message relates to your university services. Please follow the provided verification steps.,1
Amazon,Notice: Order Issue,Your account has been flagged due to order issue. Review your information promptly. This message relates to your amazon services. Please follow the provided verification steps.,1
Password Reset,Final Reminder: Reset Required,Your account has been flagged due to reset required. Review your information promptly. This message relates to your password reset services. Please follow the provided verification steps.,1
HMRC/Tax,Reminder: Rebate Notice,Your account has been flagged due to rebate notice. Review your information promptly. This message relates to your hmrc/tax services. Please follow the provided verification steps.,1
Invoice/Payment,Action Required: Overdue Invoice,Our monitoring systems identified overdue invoice. Confirm your identity to protect your account. This message relates to your invoice/payment services. Please follow the provided verification steps.,1
Banking,Security Alert: Account Review,"As part of a routine security review regarding account review, please complete the requested verification. This message relates to your banking services. Please follow the provided verification steps.",1
Banking,Action Required: New Device Login,We require confirmation following new device login. Delayed action may result in temporary account restrictions. This message relates to your banking services. Please follow the provided verification steps.,1
Technical Support,Critical: Remote Assistance,We require confirmation following remote assistance. Delayed action may result in temporary account restrictions. This message relates to your technical support services. Please follow the provided verification steps.,1
Parcel Delivery,Attention: Parcel Release,We require confirmation following parcel release. Delayed action may result in temporary account restrictions. This message relates to your parcel delivery services. Please follow the provided verification steps.,1
Parcel Delivery,Attention: Shipping Delay,Our monitoring systems identified shipping delay. Confirm your identity to protect your account. This message relates to your parcel delivery services. Please follow the provided verification steps.,1
Technical Support,Critical: System Update,We require confirmation following system update. Delayed action may result in temporary account restrictions. This message relates to your technical support services. Please follow the provided verification steps.,1
University,Important: Password Reset,We require confirmation following password reset. Delayed action may result in temporary account restrictions. This message relates to your university services. Please follow the provided verification steps.,1
PayPal,Important: Login Alert,Your account has been flagged due to login alert. Review your information promptly. This message relates to your paypal services. Please follow the provided verification steps.,1
Technical Support,Immediate: Critical Patch,We require confirmation following critical patch. Delayed action may result in temporary account restrictions. This message relates to your technical support services. Please follow the provided verification steps.,1
Invoice/Payment,Critical: Remittance Advice,Our monitoring systems identified remittance advice. Confirm your identity to protect your account. This message relates to your invoice/payment services. Please follow the provided verification steps.,1
Parcel Delivery,Immediate: Package Held,"As part of a routine security review regarding package held, please complete the requested verification. This message relates to your parcel delivery services. Please follow the provided verification steps.",1
Technical Support,Immediate: Critical Patch,We require confirmation following critical patch. Delayed action may result in temporary account restrictions. This message relates to your technical support services. Please follow the provided verification steps.,1
Microsoft 365,Security Alert: Security Alert,We detected security alert. Please verify your account within 24 hours to avoid service interruption. This message relates to your microsoft 365 services. Please follow the provided verification steps.,1
Technical Support,Attention: System Update,We detected system update. Please verify your account within 24 hours to avoid service interruption. This message relates to your technical support services. Please follow the provided verification steps.,1
Parcel Delivery,Final Reminder: Customs Fee,We require confirmation following customs fee. Delayed action may result in temporary account restrictions. This message relates to your parcel delivery services. Please follow the provided verification steps.,1
Parcel Delivery,Urgent: Reschedule Delivery,Your account has been flagged due to reschedule delivery. Review your information promptly. This message relates to your parcel delivery services. Please follow the provided verification steps.,1
Amazon,Final Reminder: Security Review,We detected security review. Please verify your account within 24 hours to avoid service interruption. This message relates to your amazon services. Please follow the provided verification steps.,1
Amazon,Critical: Delivery Delay,We detected delivery delay. Please verify your account within 24 hours to avoid service interruption. This message relates to your amazon services. Please follow the provided verification steps.,1
University,Immediate: Mfa Update,"As part of a routine security review regarding MFA update, please complete the requested verification. This message relates to your university services. Please follow the provided verification steps.",1
PayPal,Notice: Login Alert,We require confirmation following login alert. Delayed action may result in temporary account restrictions. This message relates to your paypal services. Please follow the provided verification steps.,1
University,Urgent: Password Reset,We require confirmation following password reset. Delayed action may result in temporary account restrictions. This message relates to your university services. Please follow the provided verification steps.,1
Banking,Important: Identity Verification,"As part of a routine security review regarding identity verification, please complete the requested verification. This message relates to your banking services. Please follow the provided verification steps.",1
Microsoft 365,Final Reminder: Unusual Sign-In,Your account has been flagged due to unusual sign-in. Review your information promptly. This message relates to your microsoft 365 services. Please follow the provided verification steps.,1
Parcel Delivery,Security Alert: Shipping Delay,Our monitoring systems identified shipping delay. Confirm your identity to protect your account. This message relates to your parcel delivery services. Please follow the provided verification steps.,1
Password Reset,Immediate: Verification Code,Our monitoring systems identified verification code. Confirm your identity to protect your account. This message relates to your password reset services. Please follow the provided verification steps.,1
HMRC/Tax,Security Alert: Tax Calculation,We require confirmation following tax calculation. Delayed action may result in temporary account restrictions. This message relates to your hmrc/tax services. Please follow the provided verification steps.,1
Password Reset,Final Reminder: Account Recovery,Your account has been flagged due to account recovery. Review your information promptly. This message relates to your password reset services. Please follow the provided verification steps.,1
HMRC/Tax,Final Reminder: Payment Reminder,Your account has been flagged due to payment reminder. Review your information promptly. This message relates to your hmrc/tax services. Please follow the provided verification steps.,1
Parcel Delivery,Important: Address Confirmation,We require confirmation following address confirmation. Delayed action may result in temporary account restrictions. This message relates to your parcel delivery services. Please follow the provided verification steps.,1
University,Attention: Password Reset,"As part of a routine security review regarding password reset, please complete the requested verification. This message relates to your university services. Please follow the provided verification steps.",1
Invoice/Payment,Final Reminder: Overdue Invoice,We detected overdue invoice. Please verify your account within 24 hours to avoid service interruption. This message relates to your invoice/payment services. Please follow the provided verification steps.,1
HMRC/Tax,Reminder: Rebate Notice,Your account has been flagged due to rebate notice. Review your information promptly. This message relates to your hmrc/tax services. Please follow the provided verification steps.,1
Amazon,Important: Delivery Delay,Your account has been flagged due to delivery delay. Review your information promptly. This message relates to your amazon services. Please follow the provided verification steps.,1
Parcel Delivery,Reminder: Customs Fee,"As part of a routine security review regarding customs fee, please complete the requested verification. This message relates to your parcel delivery services. Please follow the provided verification steps.",1
Invoice/Payment,Security Alert: Finance Review,Our monitoring systems identified finance review. Confirm your identity to protect your account. This message relates to your invoice/payment services. Please follow the provided verification steps.,1
Technical Support,Urgent: Virus Detected,"As part of a routine security review regarding virus detected, please complete the requested verification. This message relates to your technical support services. Please follow the provided verification steps.",1
Technical Support,Attention: Helpdesk Ticket,Our monitoring systems identified helpdesk ticket. Confirm your identity to protect your account. This message relates to your technical support services. Please follow the provided verification steps.,1
Banking,Urgent: New Device Login,We require confirmation following new device login. Delayed action may result in temporary account restrictions. This message relates to your banking services. Please follow the provided verification steps.,1
University,Critical: Library Account,We require confirmation following library account. Delayed action may result in temporary account restrictions. This message relates to your university services. Please follow the provided verification steps.,1
HMRC/Tax,Action Required: Identity Check,We detected identity check. Please verify your account within 24 hours to avoid service interruption. This message relates to your hmrc/tax services. Please follow the provided verification steps.,1
Technical Support,Security Alert: Critical Patch,Our monitoring systems identified critical patch. Confirm your identity to protect your account. This message relates to your technical support services. Please follow the provided verification steps.,1
Banking,Action Required: Security Verification,"As part of a routine security review regarding security verification, please complete the requested verification. This message relates to your banking services. Please follow the provided verification steps.",1
Amazon,Urgent: Payment Declined,We detected payment declined. Please verify your account within 24 hours to avoid service interruption. This message relates to your amazon services. Please follow the provided verification steps.,1
HMRC/Tax,Immediate: Identity Check,We detected identity check. Please verify your account within 24 hours to avoid service interruption. This message relates to your hmrc/tax services. Please follow the provided verification steps.,1
Amazon,Urgent: Gift Card,Our monitoring systems identified gift card. Confirm your identity to protect your account. This message relates to your amazon services. Please follow the provided verification steps.,1
Parcel Delivery,Action Required: Reschedule Delivery,We detected reschedule delivery. Please verify your account within 24 hours to avoid service interruption. This message relates to your parcel delivery services. Please follow the provided verification steps.,1
Banking,Critical: Account Locked,Our monitoring systems identified account locked. Confirm your identity to protect your account. This message relates to your banking services. Please follow the provided verification steps.,1
University,Critical: Mfa Update,We require confirmation following MFA update. Delayed action may result in temporary account restrictions. This message relates to your university services. Please follow the provided verification steps.,1
HMRC/Tax,Reminder: Identity Check,"As part of a routine security review regarding identity check, please complete the requested verification. This message relates to your hmrc/tax services. Please follow the provided verification steps.",1
Banking,Notice: Identity Verification,We detected identity verification. Please verify your account within 24 hours to avoid service interruption. This message relates to your banking services. Please follow the provided verification steps.,1
Parcel Delivery,Urgent: Delivery Failed,Our monitoring systems identified delivery failed. Confirm your identity to protect your account. This message relates to your parcel delivery services. Please follow the provided verification steps.,1
Password Reset,Important: Credential Update,Your account has been flagged due to credential update. Review your information promptly. This message relates to your password reset services. Please follow the provided verification steps.,1
Microsoft 365,Action Required: Password Expiry,We detected password expiry. Please verify your account within 24 hours to avoid service interruption. This message relates to your microsoft 365 services. Please follow the provided verification steps.,1
Parcel Delivery,Urgent: Delivery Failed,We detected delivery failed. Please verify your account within 24 hours to avoid service interruption. This message relates to your parcel delivery services. Please follow the provided verification steps.,1
PayPal,Critical: Security Check,We detected security check. Please verify your account within 24 hours to avoid service interruption. This message relates to your paypal services. Please follow the provided verification steps.,1
Technical Support,Immediate: Helpdesk Ticket,"As part of a routine security review regarding helpdesk ticket, please complete the requested verification. This message relates to your technical support services. Please follow the provided verification steps.",1
Banking,Urgent: Account Locked,Your account has been flagged due to account locked. Review your information promptly. This message relates to your banking services. Please follow the provided verification steps.,1
Parcel Delivery,Security Alert: Package Held,We detected package held. Please verify your account within 24 hours to avoid service interruption. This message relates to your parcel delivery services. Please follow the provided verification steps.,1
Invoice/Payment,Urgent: Purchase Order,We detected purchase order. Please verify your account within 24 hours to avoid service interruption. This message relates to your invoice/payment services. Please follow the provided verification steps.,1
University,Attention: Tuition Notice,"As part of a routine security review regarding tuition notice, please complete the requested verification. This message relates to your university services. Please follow the provided verification steps.",1
Microsoft 365,Critical: Storage Limit,Our monitoring systems identified storage limit. Confirm your identity to protect your account. This message relates to your microsoft 365 services. Please follow the provided verification steps.,1
Parcel Delivery,Attention: Signature Required,Your account has been flagged due to signature required. Review your information promptly. This message relates to your parcel delivery services. Please follow the provided verification steps.,1
Microsoft 365,Important: New Device,We detected new device. Please verify your account within 24 hours to avoid service interruption. This message relates to your microsoft 365 services. Please follow the provided verification steps.,1
Banking,Urgent: Account Review,We detected account review. Please verify your account within 24 hours to avoid service interruption. This message relates to your banking services. Please follow the provided verification steps.,1
University,Notice: Mfa Update,We require confirmation following MFA update. Delayed action may result in temporary account restrictions. This message relates to your university services. Please follow the provided verification steps.,1
Parcel Delivery,Important: Courier Notice,"As part of a routine security review regarding courier notice, please complete the requested verification. This message relates to your parcel delivery services. Please follow the provided verification steps.",1
PayPal,Action Required: Payment On Hold,We detected payment on hold. Please verify your account within 24 hours to avoid service interruption. This message relates to your paypal services. Please follow the provided verification steps.,1
University,Notice: Student Portal,Our monitoring systems identified student portal. Confirm your identity to protect your account. This message relates to your university services. Please follow the provided verification steps.,1
University,Reminder: Email Quota,Your account has been flagged due to email quota. Review your information promptly. This message relates to your university services. Please follow the provided verification steps.,1
PayPal,Notice: Login Alert,"As part of a routine security review regarding login alert, please complete the requested verification. This message relates to your paypal services. Please follow the provided verification steps.",1
University,Attention: Mfa Update,We detected MFA update. Please verify your account within 24 hours to avoid service interruption. This message relates to your university services. Please follow the provided verification steps.,1
PayPal,Attention: Security Check,We detected security check. Please verify your account within 24 hours to avoid service interruption. This message relates to your paypal services. Please follow the provided verification steps.,1
Password Reset,Critical: Verification Code,We detected verification code. Please verify your account within 24 hours to avoid service interruption. This message relates to your password reset services. Please follow the provided verification steps.,1
Password Reset,Urgent: Security Confirmation,We require confirmation following security confirmation. Delayed action may result in temporary account restrictions. This message relates to your password reset services. Please follow the provided verification steps.,1
University,Final Reminder: Student Portal,We require confirmation following student portal. Delayed action may result in temporary account restrictions. This message relates to your university services. Please follow the provided verification steps.,1
Technical Support,Final Reminder: Service Interruption,We detected service interruption. Please verify your account within 24 hours to avoid service interruption. This message relates to your technical support services. Please follow the provided verification steps.,1
Technical Support,Action Required: Software License,Your account has been flagged due to software license. Review your information promptly. This message relates to your technical support services. Please follow the provided verification steps.,1
HMRC/Tax,Security Alert: Identity Check,We detected identity check. Please verify your account within 24 hours to avoid service interruption. This message relates to your hmrc/tax services. Please follow the provided verification steps.,1
Parcel Delivery,Notice: Delivery Failed,"As part of a routine security review regarding delivery failed, please complete the requested verification. This message relates to your parcel delivery services. Please follow the provided verification steps.",1
Parcel Delivery,Important: Courier Notice,Your account has been flagged due to courier notice. Review your information promptly. This message relates to your parcel delivery services. Please follow the provided verification steps.,1
Password Reset,Notice: Authentication Issue,Your account has been flagged due to authentication issue. Review your information promptly. This message relates to your password reset services. Please follow the provided verification steps.,1
Banking,Important: Security Update,Our monitoring systems identified security update. Confirm your identity to protect your account. This message relates to your banking services. Please follow the provided verification steps.,1
Amazon,Important: Delivery Delay,We detected delivery delay. Please verify your account within 24 hours to avoid service interruption. This message relates to your amazon services. Please follow the provided verification steps.,1
Amazon,Attention: Gift Card,"As part of a routine security review regarding gift card, please complete the requested verification. This message relates to your amazon services. Please follow the provided verification steps.",1
